CursorX,CursorY,LeftX,RightX,LeftY,RightY,LeftW,LeftH,RighttW,RightH,Origin_left_X,Origin_left_Y,Origin_right_X,Origin_right_Y
386,375,271,234,337,238,30.14962686336267,8.06225774829855,31.0,8.0,249,225,320,229
386,375,267,232,335,236,29.27456233660889,8.06225774829855,31.0,8.0,247,223,318,227
386,375,267,232,336,235,30.26549190084311,8.06225774829855,31.0,9.0,245,223,319,226
386,375,267,230,335,234,30.26549190084311,10.04987562112089,31.016124838541643,10.0,245,220,318,224
386,375,267,230,335,234,31.40063693621516,10.04987562112089,32.01562118716424,10.0,244,220,318,224
386,375,267,230,335,233,31.40063693621516,11.045361017187261,32.01562118716424,11.0,244,219,318,223
370,364,267,230,334,234,31.40063693621516,10.19803902718557,32.01562118716424,10.04987562112089,244,219,317,224
67,143,266,230,334,233,31.40063693621516,10.04987562112089,32.01562118716424,11.0,243,219,317,223
0,83,264,231,332,235,32.38826948140329,11.180339887498947,32.01562118716424,11.0,240,220,315,224
0,55,261,230,329,234,31.40063693621516,10.19803902718557,33.060550509633075,11.0,238,220,311,224
16,7,258,231,326,234,31.40063693621516,11.045361017187261,32.01562118716424,11.0,235,220,309,224
18,0,257,230,325,234,31.256999216175565,10.04987562112089,32.01562118716424,11.045361017187261,234,220,308,224
18,0,251,227,323,233,31.57530680769389,10.04987562112089,32.14031735997639,11.0,233,218,307,222
0,0,250,226,322,231,32.38826948140329,11.180339887498947,33.060550509633075,12.041594578792294,232,217,305,220
0,0,249,227,321,232,32.38826948140329,11.045361017187261,33.060550509633075,12.041594578792294,231,218,304,221
0,0,247,228,319,233,31.40063693621516,11.180339887498947,33.060550509633075,12.041594578792294,230,219,302,222
0,0,246,228,317,233,32.38826948140329,11.045361017187261,33.060550509633075,12.0,228,219,301,222
0,0,246,228,317,233,31.57530680769389,11.045361017187261,33.13608305156178,12.041594578792294,228,219,300,222
0,0,245,229,315,234,31.40063693621516,11.180339887498947,33.060550509633075,11.0,228,220,299,224
0,0,244,229,315,234,31.40063693621516,11.180339887498947,33.060550509633075,11.0,227,220,299,224
0,0,245,230,315,234,31.40063693621516,11.180339887498947,33.13608305156178,12.041594578792294,227,222,299,224
0,0,244,231,315,236,30.413812651491096,10.19803902718557,32.01562118716424,11.0,227,222,299,226
0,0,244,231,315,236,30.26549190084311,10.19803902718557,32.0624390837628,11.0,227,222,299,226
0,0,243,231,315,236,30.413812651491096,11.180339887498947,32.0624390837628,11.045361017187261,226,222,299,226
0,0,244,230,315,235,31.40063693621516,11.045361017187261,33.13608305156178,12.0,226,221,299,224
0,0,244,230,315,235,32.38826948140329,11.045361017187261,33.060550509633075,12.041594578792294,226,221,299,224
0,0,243,231,315,236,30.413812651491096,10.04987562112089,32.01562118716424,11.0,227,222,299,226
0,0,244,231,315,235,31.40063693621516,10.04987562112089,32.0624390837628,11.045361017187261,227,222,299,225
0,0,244,230,315,234,31.40063693621516,11.045361017187261,33.13608305156178,11.045361017187261,227,221,299,224
0,0,244,230,316,234,32.38826948140329,12.041594578792294,33.13608305156178,12.041594578792294,226,221,299,223
0,0,244,230,315,235,31.40063693621516,11.045361017187261,33.060550509633075,11.0,226,222,298,225
0,0,244,230,315,235,31.40063693621516,11.045361017187261,33.060550509633075,10.0,226,221,299,225
0,0,244,230,315,234,31.40063693621516,11.045361017187261,33.13608305156178,13.038404810405298,227,221,299,223
0,0,245,230,315,235,31.40063693621516,12.165525060596437,33.060550509633075,12.041594578792294,227,221,299,224
0,0,244,231,315,235,30.413812651491096,11.045361017187261,32.0624390837628,11.045361017187261,227,222,299,225
0,0,244,230,315,235,31.40063693621516,12.165525060596437,34.132096331752024,12.041594578792294,227,221,299,224
0,0,244,230,316,234,30.26549190084311,11.045361017187261,33.060550509633075,11.0,227,221,299,224
15,4,245,229,316,234,31.57530680769389,11.045361017187261,33.13608305156178,12.041594578792294,228,220,300,223
58,12,245,229,316,233,32.38826948140329,11.180339887498947,34.132096331752024,12.041594578792294,227,220,299,222
71,12,245,229,316,235,31.40063693621516,12.165525060596437,33.060550509633075,12.041594578792294,227,221,299,224
101,14,245,229,316,233,31.40063693621516,11.180339887498947,34.132096331752024,12.0,227,220,299,222
415,14,245,230,316,234,31.40063693621516,11.180339887498947,33.13608305156178,12.041594578792294,227,221,299,223
670,10,245,230,315,235,31.40063693621516,11.180339887498947,33.13608305156178,12.0,227,221,299,224
916,0,245,230,316,234,31.40063693621516,12.165525060596437,33.13608305156178,13.038404810405298,227,221,300,223
916,0,245,231,316,235,31.40063693621516,11.045361017187261,32.01562118716424,11.0,227,222,299,225
916,0,247,230,318,234,31.40063693621516,11.180339887498947,33.060550509633075,12.041594578792294,228,221,300,224
1172,0,253,232,324,234,32.38826948140329,12.165525060596437,33.060550509633075,11.045361017187261,228,221,301,225
1338,0,254,232,327,234,31.40063693621516,12.165525060596437,32.0624390837628,12.0,229,221,302,225
1365,0,255,233,328,235,31.57530680769389,11.045361017187261,32.0624390837628,11.0,230,222,303,227
1365,0,259,232,332,235,32.55764119219941,12.165525060596437,34.0147027033899,11.0,232,221,305,226
1365,0,260,234,333,237,31.57530680769389,9.219544457292889,30.01666203960727,10.04987562112089,234,223,307,230
1365,0,264,234,336,236,32.55764119219941,11.045361017187261,31.016124838541643,12.0,237,223,310,228
1365,0,265,232,338,235,32.38826948140329,12.165525060596437,33.060550509633075,12.041594578792294,239,221,313,226
1364,1,269,233,342,236,33.734255586866006,11.40175425099138,33.015148038438355,10.04987562112089,242,222,317,228
1361,3,271,234,345,237,32.55764119219941,11.40175425099138,32.01562118716424,10.0,245,223,319,229
1351,12,273,234,346,237,32.55764119219941,11.180339887498947,31.0,10.0,247,222,321,229
1348,17,273,235,346,239,30.413812651491096,10.19803902718557,30.0,9.0,249,225,321,231
1348,17,274,237,329,243,30.413812651491096,9.055385138137417,30.0,9.0,250,227,321,233
1348,17,273,236,347,239,31.57530680769389,10.19803902718557,32.01562118716424,10.0,248,225,321,231
1348,17,274,235,347,238,33.54101966249684,11.180339887498947,31.064449134018133,11.0,247,224,322,229
1348,17,274,236,347,238,33.54101966249684,10.19803902718557,32.01562118716424,11.045361017187261,247,225,322,230
1348,17,275,236,347,238,32.7566787083184,11.180339887498947,32.01562118716424,11.0,249,224,322,230
1348,17,275,236,347,238,33.54101966249684,11.180339887498947,32.0624390837628,11.0,248,225,322,230
1348,17,275,237,347,238,33.734255586866006,11.180339887498947,31.064449134018133,12.0,248,225,323,230
1348,17,275,236,348,239,33.54101966249684,10.19803902718557,32.01562118716424,10.0,248,225,323,231
1348,17,276,236,349,239,33.54101966249684,11.180339887498947,31.016124838541643,11.0,249,224,324,231
1348,17,277,236,350,239,33.54101966249684,10.19803902718557,32.0624390837628,11.045361017187261,250,225,324,231
1348,17,277,236,350,239,33.54101966249684,11.180339887498947,31.016124838541643,11.0,250,225,325,231
1348,17,277,236,350,238,33.734255586866006,11.180339887498947,33.060550509633075,12.0,250,225,324,230
1348,17,277,236,349,239,33.734255586866006,11.180339887498947,31.016124838541643,11.0,250,225,325,231
1348,17,276,240,343,244,30.14962686336267,7.280109889280519,29.017236257093817,7.0710678118654755,255,232,325,236
1348,17,278,237,350,239,31.40063693621516,10.19803902718557,31.016124838541643,10.0,253,227,326,232
1348,17,278,236,351,238,32.55764119219941,10.19803902718557,31.064449134018133,11.0,252,225,327,230
1348,17,279,236,351,239,33.54101966249684,10.19803902718557,31.016124838541643,10.0,252,225,327,232
1348,17,279,236,352,238,32.55764119219941,11.180339887498947,32.01562118716424,11.045361017187261,254,225,327,230
1348,17,279,236,352,238,33.54101966249684,11.180339887498947,32.0624390837628,11.045361017187261,253,225,327,230
1348,17,279,236,351,238,32.7566787083184,11.180339887498947,31.016124838541643,11.0,253,224,327,230
1348,17,279,236,351,239,32.55764119219941,10.19803902718557,31.016124838541643,11.0,254,225,326,231
1348,17,278,236,351,239,32.55764119219941,10.19803902718557,31.016124838541643,11.0,252,225,327,231
1348,17,278,236,351,239,32.55764119219941,11.180339887498947,31.016124838541643,11.0,253,224,327,230
1348,17,279,236,352,239,32.55764119219941,10.19803902718557,31.016124838541643,11.0,253,225,327,231
1348,17,280,236,353,239,31.780497164141405,11.180339887498947,32.01562118716424,11.0,255,224,328,230
1348,17,282,235,354,238,33.54101966249684,10.19803902718557,31.064449134018133,11.0,256,224,330,230
1348,17,284,236,356,239,32.55764119219941,10.19803902718557,30.01666203960727,10.04987562112089,258,225,332,231
1365,143,287,238,359,240,32.55764119219941,11.40175425099138,32.0624390837628,11.0,261,226,334,232
1365,426,287,239,359,242,32.55764119219941,10.19803902718557,31.064449134018133,11.0,262,228,334,233
1363,508,287,242,359,244,33.54101966249684,11.180339887498947,32.0624390837628,12.0,261,231,335,235
1363,508,287,244,357,246,30.413812651491096,9.055385138137417,30.0,10.0,263,234,332,239
1358,580,283,246,348,251,30.26549190084311,7.0710678118654755,29.017236257093817,8.0,260,237,331,242
1344,677,281,246,353,250,30.413812651491096,9.055385138137417,30.0,9.055385138137417,258,236,330,241
1345,710,281,246,352,250,30.413812651491096,9.219544457292889,30.0,9.0,258,236,329,241
1349,725,281,247,352,250,32.38826948140329,9.055385138137417,31.0,10.0,256,236,329,241
1356,758,282,246,353,250,31.40063693621516,9.219544457292889,30.0,10.0,258,236,330,241
1356,764,282,247,354,250,31.40063693621516,9.055385138137417,30.01666203960727,9.0,258,237,330,242
1356,764,282,247,354,251,31.40063693621516,9.055385138137417,30.0,9.0,258,237,330,243
1356,764,282,247,353,251,30.413812651491096,9.055385138137417,30.01666203960727,10.0,259,237,330,242
1356,764,282,247,354,251,31.57530680769389,10.04987562112089,30.0,9.0,258,236,331,242
1356,764,283,247,354,251,30.413812651491096,8.06225774829855,29.0,9.0,259,237,331,242
1356,764,283,248,354,252,30.26549190084311,9.055385138137417,30.0,9.0,260,238,330,243
1356,764,283,246,354,250,30.413812651491096,9.055385138137417,29.017236257093817,9.0,260,236,331,241
1349,758,283,247,354,252,31.40063693621516,9.055385138137417,29.0,10.0,259,237,331,242
1341,756,283,247,355,251,30.413812651491096,9.219544457292889,30.0,10.0,260,236,332,242
1341,756,283,246,354,250,31.40063693621516,8.246211251235321,30.0,10.0,259,236,331,241
1341,756,283,247,355,251,31.256999216175565,9.055385138137417,30.0,9.0,259,237,331,242
1341,756,283,248,354,252,30.26549190084311,9.055385138137417,29.017236257093817,9.0,260,238,331,242
1341,756,283,246,355,251,30.26549190084311,9.055385138137417,30.0,9.0,260,237,331,242
1341,756,283,247,354,250,31.40063693621516,9.055385138137417,30.0,11.0,259,236,331,241
1341,756,283,247,354,252,31.40063693621516,9.055385138137417,30.0,10.0,259,236,331,242
1341,756,284,247,354,251,31.40063693621516,9.055385138137417,30.01666203960727,10.0,260,237,331,242
1341,756,283,246,355,251,31.40063693621516,9.055385138137417,30.0,9.0,259,236,332,242
1341,756,283,246,355,251,31.256999216175565,9.055385138137417,30.01666203960727,9.0,259,236,331,242
1341,756,283,246,355,251,30.413812651491096,8.06225774829855,29.0,9.055385138137417,260,236,332,242
1341,756,283,246,354,251,31.40063693621516,8.06225774829855,30.0,9.0,259,236,331,242
1341,756,283,246,355,251,31.40063693621516,8.246211251235321,30.0,9.0,259,236,331,242
1341,756,283,246,354,251,31.57530680769389,9.055385138137417,30.0,10.04987562112089,259,235,331,242
1341,756,283,247,354,252,31.40063693621516,9.055385138137417,29.017236257093817,10.0,259,237,331,242
1341,756,282,247,354,251,30.413812651491096,9.219544457292889,30.0,9.0,259,236,330,242
1341,756,283,247,354,250,31.40063693621516,9.219544457292889,30.0,9.0,259,237,331,242
1341,756,283,246,354,250,31.40063693621516,9.055385138137417,30.0,10.0,259,236,331,241
1341,756,283,246,355,251,31.40063693621516,9.055385138137417,30.0,9.0,259,236,331,242
1341,756,283,247,355,251,31.57530680769389,9.055385138137417,31.0,9.0,259,236,331,242
1341,756,283,246,355,251,31.40063693621516,9.055385138137417,30.0,9.0,259,236,331,242
1341,756,283,246,355,251,31.40063693621516,9.055385138137417,30.0,9.0,259,236,331,242
1341,756,283,247,349,252,32.38826948140329,9.219544457292889,30.0,10.0,258,236,331,242
1341,756,284,247,355,251,32.38826948140329,9.055385138137417,30.0,10.0,259,237,331,242
1341,756,283,246,355,251,31.40063693621516,8.06225774829855,30.0,9.0,259,236,331,242
1296,763,283,247,355,251,31.57530680769389,9.055385138137417,30.01666203960727,10.0,259,237,332,242
1141,766,283,247,355,251,31.40063693621516,9.219544457292889,30.0,10.0,259,236,331,242
1062,766,283,247,349,252,32.55764119219941,9.219544457292889,30.0,10.0,258,236,331,242
961,757,283,247,353,252,31.40063693621516,9.219544457292889,30.0,10.0,259,237,331,242
864,753,282,247,354,251,31.40063693621516,9.055385138137417,30.0,9.0,259,237,330,242
784,749,281,247,352,252,31.256999216175565,8.06225774829855,30.01666203960727,8.0,257,238,330,243
738,749,281,247,346,252,30.26549190084311,9.055385138137417,29.0,9.0,258,238,329,243
650,757,279,247,349,251,30.413812651491096,8.06225774829855,29.0,9.0,256,237,328,242
554,767,277,247,343,252,31.256999216175565,9.219544457292889,30.0,9.0,254,238,326,243
480,766,275,247,342,251,31.40063693621516,8.246211251235321,31.016124838541643,9.0,252,237,324,242
454,761,274,247,340,252,30.413812651491096,9.219544457292889,31.016124838541643,10.0,252,237,323,242
452,760,271,247,338,251,30.413812651491096,8.246211251235321,31.0,9.0,249,238,321,242
452,760,269,247,336,251,30.413812651491096,9.219544457292889,30.0,9.0,247,237,319,242
379,750,267,247,334,251,31.40063693621516,9.219544457292889,31.0,10.0,245,237,317,242
250,729,267,247,333,251,31.40063693621516,8.06225774829855,30.0,9.0,245,238,317,242
155,736,268,248,334,252,30.413812651491096,9.219544457292889,30.0,10.0,246,238,318,243
85,746,267,247,334,252,31.40063693621516,8.246211251235321,30.0,10.0,245,237,318,242
33,756,264,247,331,252,30.413812651491096,8.246211251235321,30.0,9.0,242,238,315,243
0,762,262,248,327,252,30.26549190084311,9.219544457292889,31.016124838541643,9.0,240,238,311,243
0,762,260,248,326,252,29.27456233660889,8.06225774829855,29.0,8.0,239,238,310,243
0,758,259,248,325,253,30.26549190084311,8.246211251235321,31.016124838541643,9.0,237,239,308,244
9,746,257,248,324,251,30.413812651491096,8.246211251235321,31.0,9.0,236,238,307,242
14,745,256,248,322,253,30.413812651491096,8.246211251235321,31.0,10.0,235,238,305,243
25,741,255,248,321,253,29.427877939124325,9.219544457292889,31.0,10.04987562112089,234,238,305,243
26,741,255,248,320,253,30.413812651491096,9.055385138137417,32.0,10.0,233,238,304,243
26,741,254,248,320,252,30.26549190084311,9.219544457292889,31.0,9.0,232,238,303,243
26,741,254,248,320,253,29.27456233660889,9.219544457292889,31.0,10.0,233,238,304,243
26,741,253,248,319,253,29.27456233660889,9.055385138137417,31.0,10.0,232,238,303,243
26,741,253,248,320,252,29.427877939124325,8.06225774829855,31.0,9.0,232,238,303,243
26,741,255,250,321,255,27.018512172212592,6.0827625302982185,30.14962686336267,6.0827625302982185,234,242,302,246
26,741,253,249,319,253,29.27456233660889,8.06225774829855,31.016124838541643,8.0,232,240,302,244
26,741,254,248,320,252,29.27456233660889,8.246211251235321,31.0,9.0,233,239,303,243
26,741,255,248,321,253,29.427877939124325,8.06225774829855,32.0,10.0,234,239,304,243
26,741,256,249,322,253,29.27456233660889,8.246211251235321,31.0,9.055385138137417,235,240,305,244
26,741,255,249,321,253,29.27456233660889,8.06225774829855,31.0,9.0,234,239,305,244
26,741,255,249,321,252,30.26549190084311,8.246211251235321,31.0,10.04987562112089,233,239,305,243
26,741,255,249,322,253,29.27456233660889,10.04987562112089,31.016124838541643,10.0,234,239,305,243
26,741,258,252,325,256,28.160255680657446,6.0827625302982185,30.06659275674582,7.0710678118654755,236,244,305,248
26,741,255,249,321,255,29.27456233660889,9.055385138137417,31.0,9.055385138137417,234,240,304,245
26,741,255,249,320,253,29.1547594742265,8.06225774829855,31.0,9.0,234,240,304,244
26,741,254,249,320,253,29.1547594742265,9.055385138137417,31.0,9.0,233,240,304,244
26,741,255,250,320,253,30.413812651491096,9.055385138137417,32.0,9.0,233,240,304,244
26,741,254,250,320,254,30.26549190084311,9.055385138137417,31.0,10.0,233,240,304,244
26,741,254,250,320,253,30.26549190084311,9.055385138137417,31.0,9.0,233,240,304,244
26,741,257,252,324,257,29.068883707497264,7.0710678118654755,31.064449134018133,7.0710678118654755,235,244,304,248
26,741,256,251,323,255,28.284271247461902,8.06225774829855,30.01666203960727,9.0,235,242,305,246
26,741,255,250,321,254,29.27456233660889,8.246211251235321,31.0,9.0,234,241,304,245
26,741,255,250,321,253,29.27456233660889,9.055385138137417,31.0,10.0,235,240,305,243
26,741,255,250,321,255,30.14962686336267,9.055385138137417,32.0,10.0,234,241,304,245
26,741,256,250,321,254,29.27456233660889,9.055385138137417,31.0,10.04987562112089,235,240,305,244
26,741,256,249,321,253,29.1547594742265,8.06225774829855,31.0,9.0,235,240,304,244
26,741,256,249,322,252,30.26549190084311,8.246211251235321,31.0,9.0,234,240,306,243
26,741,255,250,321,255,30.26549190084311,8.06225774829855,31.0,10.0,234,240,305,245
26,741,256,249,322,254,30.413812651491096,9.219544457292889,31.0,9.0,234,239,305,244
26,741,255,249,322,254,30.26549190084311,8.06225774829855,31.0,9.0,234,239,305,245
26,741,257,249,322,252,30.26549190084311,9.055385138137417,31.0,10.0,235,239,306,243
26,741,257,249,323,253,30.26549190084311,9.055385138137417,31.0,10.0,235,239,306,243
26,741,256,249,322,254,30.26549190084311,9.055385138137417,32.0,10.0,235,239,305,244
26,741,256,249,323,252,30.26549190084311,9.055385138137417,31.016124838541643,9.055385138137417,235,239,306,243
26,741,257,249,323,253,31.256999216175565,9.055385138137417,32.01562118716424,10.0,235,239,306,243
26,741,257,248,323,252,30.14962686336267,8.06225774829855,31.0,8.0,236,239,307,243
26,741,257,249,323,254,29.27456233660889,8.06225774829855,30.01666203960727,9.0,236,240,307,245
26,741,257,248,323,252,30.26549190084311,9.055385138137417,31.0,10.0,235,238,306,242
26,741,257,248,322,252,29.1547594742265,9.055385138137417,30.0,9.0,236,239,306,243
26,741,257,248,323,252,30.26549190084311,8.06225774829855,31.0,10.0,235,238,307,242
26,741,258,248,323,251,30.26549190084311,9.055385138137417,32.0,9.0,236,238,306,242
26,741,257,249,323,253,29.27456233660889,9.219544457292889,31.0,9.055385138137417,236,239,306,244
26,741,257,248,322,253,31.40063693621516,9.055385138137417,32.0,10.0,234,238,306,243
26,741,257,248,322,251,29.27456233660889,8.246211251235321,31.016124838541643,9.0,236,239,306,242
26,741,257,248,323,253,30.413812651491096,9.055385138137417,31.0,10.0,235,239,306,243
26,741,260,252,326,256,27.073972741361768,5.0,30.06659275674582,6.0827625302982185,238,244,306,248
26,741,258,249,323,254,29.27456233660889,8.06225774829855,31.0,9.0,236,240,306,244
26,741,257,249,322,253,28.160255680657446,8.06225774829855,30.01666203960727,9.0,237,240,306,244
26,741,256,249,322,252,29.1547594742265,7.0710678118654755,31.0,9.055385138137417,235,240,306,243
26,741,257,248,322,252,30.14962686336267,9.219544457292889,31.0,9.0,235,239,306,243
26,741,257,249,322,253,29.27456233660889,8.246211251235321,31.016124838541643,9.0,236,240,306,244
26,741,257,249,322,252,30.26549190084311,9.055385138137417,31.0,9.0,235,239,306,243
26,741,256,248,322,252,30.26549190084311,9.219544457292889,32.0,9.0,234,239,306,243
26,741,256,248,322,252,29.1547594742265,9.219544457292889,32.0,10.0,235,239,305,242
26,741,255,249,321,253,29.27456233660889,8.06225774829855,31.0,10.0,234,240,305,243
26,741,254,249,320,252,29.27456233660889,9.055385138137417,32.01562118716424,10.0,233,239,304,242
26,741,256,249,320,252,30.26549190084311,9.055385138137417,31.0,9.0,234,239,304,243
26,741,256,248,322,252,30.26549190084311,9.055385138137417,32.0,9.0,234,239,305,243
26,741,256,249,322,253,30.26549190084311,9.055385138137417,31.0,10.0,234,240,306,243
0,551,256,249,321,253,30.26549190084311,9.055385138137417,31.0,10.0,234,239,305,243
15,246,254,249,321,253,30.26549190084311,8.06225774829855,32.01562118716424,10.0,233,239,304,243
38,87,255,249,321,252,29.27456233660889,9.055385138137417,31.0,9.055385138137417,234,239,304,243
34,0,255,248,320,252,30.14962686336267,9.055385138137417,31.016124838541643,10.0,233,239,304,242
34,0,254,248,320,251,30.26549190084311,8.246211251235321,31.0,9.0,232,239,304,242
31,5,253,248,319,251,30.26549190084311,9.055385138137417,31.016124838541643,10.04987562112089,232,238,303,241
29,10,248,243,317,248,30.413812651491096,9.219544457292889,32.0624390837628,11.045361017187261,231,235,301,238
28,12,247,241,317,246,31.40063693621516,10.19803902718557,32.14031735997639,11.045361017187261,229,233,301,236
25,12,246,241,315,247,30.413812651491096,10.04987562112089,33.060550509633075,11.0,229,233,299,237
24,12,246,241,316,246,31.40063693621516,11.180339887498947,32.0624390837628,12.041594578792294,228,233,300,236
23,12,245,242,315,247,31.40063693621516,11.180339887498947,32.0624390837628,11.0,227,234,299,237
23,12,244,242,314,248,30.413812651491096,11.045361017187261,33.060550509633075,12.0,227,234,298,237
23,12,246,242,316,247,30.413812651491096,11.180339887498947,33.13608305156178,12.041594578792294,228,234,300,236
23,12,247,243,317,247,31.57530680769389,11.045361017187261,32.0624390837628,12.041594578792294,230,234,301,237
23,12,248,242,317,248,31.40063693621516,11.180339887498947,33.060550509633075,12.041594578792294,230,234,301,237
23,12,248,242,318,247,32.38826948140329,11.045361017187261,33.13608305156178,12.041594578792294,229,233,302,236
23,12,248,243,318,248,31.40063693621516,11.045361017187261,33.13608305156178,11.0,231,234,302,237
23,12,247,244,317,248,30.26549190084311,10.04987562112089,31.016124838541643,10.0,231,236,301,239
23,12,252,247,316,250,29.27456233660889,9.219544457292889,31.0,9.0,230,238,300,241
23,12,245,245,315,250,31.40063693621516,11.045361017187261,33.060550509633075,11.0,227,237,299,240
23,12,246,244,316,249,31.256999216175565,11.180339887498947,33.060550509633075,11.0,228,236,299,239
23,12,246,244,316,250,31.40063693621516,11.180339887498947,33.13608305156178,11.0,229,236,300,240
23,12,247,243,317,248,31.256999216175565,11.045361017187261,32.0624390837628,11.045361017187261,230,235,301,238
23,12,247,243,317,248,31.40063693621516,11.045361017187261,32.0624390837628,12.0,229,235,301,238
23,12,254,248,316,251,27.16615541441225,8.06225774829855,30.0,8.0,234,240,301,243
23,12,247,244,317,249,30.413812651491096,10.04987562112089,32.0624390837628,11.045361017187261,230,236,301,239
23,12,247,244,317,249,30.413812651491096,10.04987562112089,32.0624390837628,10.04987562112089,230,236,301,240
23,12,247,245,317,250,30.413812651491096,11.045361017187261,32.0624390837628,11.0,230,237,301,240
23,12,247,244,317,248,31.40063693621516,11.180339887498947,32.0624390837628,12.041594578792294,229,235,301,238
23,12,247,244,317,249,31.40063693621516,11.180339887498947,33.13608305156178,11.0,229,236,300,239
23,12,247,244,317,249,30.26549190084311,11.045361017187261,33.060550509633075,11.045361017187261,230,236,301,239
23,12,247,244,317,248,31.40063693621516,11.180339887498947,33.13608305156178,11.045361017187261,229,236,301,238
23,12,246,244,316,249,31.40063693621516,11.180339887498947,33.060550509633075,12.0,229,235,300,238
23,12,246,244,316,249,30.26549190084311,11.045361017187261,33.060550509633075,11.0,229,236,300,239
23,12,246,245,316,251,30.413812651491096,10.04987562112089,33.13608305156178,12.0,229,237,300,240
23,12,254,251,316,253,28.160255680657446,8.06225774829855,31.0,9.0,233,242,300,244
23,12,246,246,316,250,30.26549190084311,10.19803902718557,32.0624390837628,10.04987562112089,229,239,300,241
23,12,246,246,316,249,30.26549190084311,10.04987562112089,33.060550509633075,11.0,229,237,300,239
23,12,246,245,316,250,30.413812651491096,11.045361017187261,33.060550509633075,11.0,229,237,300,240
23,12,246,245,316,249,30.26549190084311,10.04987562112089,33.060550509633075,11.045361017187261,229,236,300,240
23,12,246,245,316,250,30.413812651491096,10.04987562112089,32.0624390837628,11.0,229,237,300,240
23,12,245,245,315,250,31.40063693621516,10.04987562112089,33.060550509633075,11.0,228,237,299,240
23,12,246,245,315,250,31.256999216175565,11.045361017187261,33.060550509633075,12.0,228,237,299,240
23,12,246,245,316,249,31.40063693621516,10.19803902718557,33.060550509633075,12.041594578792294,228,236,300,238
23,12,247,245,317,249,31.40063693621516,11.045361017187261,33.13608305156178,11.0,228,236,300,238
23,12,246,244,317,249,30.26549190084311,11.045361017187261,32.14031735997639,12.041594578792294,229,235,300,238
23,12,254,251,314,254,28.0713376952364,7.0710678118654755,30.0,8.0,231,243,299,245
23,12,245,246,315,252,30.413812651491096,11.045361017187261,32.0624390837628,11.045361017187261,228,239,299,242
23,12,244,246,314,251,30.26549190084311,11.045361017187261,33.060550509633075,12.0,226,238,297,240
23,12,244,247,313,251,30.26549190084311,10.04987562112089,33.060550509633075,11.0,226,239,297,241
23,12,244,245,314,250,31.40063693621516,12.165525060596437,33.13608305156178,11.0,227,237,298,240
23,12,244,246,314,250,30.413812651491096,11.045361017187261,33.060550509633075,12.041594578792294,227,237,298,240
23,12,244,246,315,250,31.40063693621516,10.19803902718557,32.14031735997639,11.045361017187261,227,238,299,240
23,12,245,246,315,250,30.413812651491096,11.180339887498947,32.14031735997639,12.041594578792294,227,237,299,240
20,12,245,245,315,250,31.256999216175565,11.045361017187261,33.060550509633075,12.0,226,237,298,239
16,12,244,245,315,250,32.38826948140329,11.045361017187261,34.058772731852805,11.045361017187261,226,237,298,240
16,12,244,246,314,250,31.40063693621516,10.19803902718557,33.060550509633075,11.0,226,237,297,240
16,12,244,245,314,250,30.413812651491096,11.180339887498947,32.0624390837628,11.045361017187261,227,237,298,240
16,12,244,245,314,250,31.40063693621516,10.04987562112089,32.0624390837628,12.0,226,237,298,240
16,12,244,246,314,250,30.26549190084311,10.04987562112089,33.060550509633075,12.0,227,237,298,239
16,12,244,245,314,250,31.40063693621516,11.180339887498947,33.13608305156178,11.0,227,237,298,240
16,12,245,245,314,250,31.40063693621516,11.045361017187261,33.060550509633075,12.0,226,237,298,240
176,0,244,245,314,250,30.26549190084311,11.180339887498947,32.0624390837628,11.0,227,237,298,240
551,0,243,245,313,250,30.413812651491096,11.045361017187261,33.060550509633075,11.0,226,237,297,240
1044,8,243,245,314,249,31.40063693621516,11.180339887498947,32.14031735997639,11.045361017187261,226,237,298,239
1102,0,244,245,314,250,31.40063693621516,11.180339887498947,33.060550509633075,12.0,226,237,297,240
1102,0,251,249,313,252,29.27456233660889,9.219544457292889,30.01666203960727,10.0,229,240,298,242
1134,7,254,251,315,253,29.1547594742265,7.0710678118654755,31.016124838541643,8.06225774829855,230,242,299,244
1339,16,253,247,324,248,30.26549190084311,10.19803902718557,33.060550509633075,10.0,229,237,300,240
1365,16,255,247,327,248,31.40063693621516,10.04987562112089,33.015148038438355,11.0,231,236,302,240
1365,16,260,246,331,247,32.55764119219941,11.045361017187261,32.0624390837628,11.0,233,235,307,239
1364,11,264,245,335,247,31.57530680769389,11.180339887498947,31.064449134018133,11.0,239,233,311,238
1362,8,266,245,338,247,32.55764119219941,10.19803902718557,32.0624390837628,11.0,241,234,313,239
1360,8,268,245,340,247,32.55764119219941,12.165525060596437,33.13608305156178,11.045361017187261,242,234,315,238
1359,8,269,245,341,247,32.55764119219941,12.165525060596437,32.0624390837628,12.0,243,234,317,238
1356,8,270,245,342,247,32.55764119219941,12.36931687685298,32.0624390837628,12.0,244,234,317,238
1354,8,271,244,343,247,32.55764119219941,12.165525060596437,31.064449134018133,12.0,245,233,319,238
1348,11,272,245,344,247,33.37663853655727,12.165525060596437,33.060550509633075,11.0,245,234,318,238
1341,15,270,246,342,246,32.7566787083184,12.165525060596437,33.060550509633075,13.0,244,234,317,237
1341,15,269,246,342,247,33.54101966249684,12.165525060596437,33.060550509633075,12.0,243,234,316,238
1341,15,269,246,341,247,32.7566787083184,12.165525060596437,33.13608305156178,11.045361017187261,243,234,316,238
1341,15,269,246,341,247,32.55764119219941,12.165525060596437,33.060550509633075,12.041594578792294,243,235,316,239
1341,15,269,247,341,248,33.54101966249684,11.180339887498947,32.0624390837628,12.041594578792294,242,235,316,239
1341,15,269,250,333,253,29.1547594742265,8.246211251235321,29.0,8.0,246,241,315,244
1341,15,269,247,339,248,30.413812651491096,10.04987562112089,30.01666203960727,10.0,245,237,316,241
1341,15,270,247,341,247,32.38826948140329,10.19803902718557,32.0624390837628,11.045361017187261,244,235,317,239
1341,15,270,247,343,248,32.55764119219941,12.165525060596437,32.14031735997639,11.0,244,235,318,239
1342,15,273,247,345,248,33.54101966249684,12.165525060596437,32.0624390837628,12.041594578792294,247,236,320,239
1342,15,274,249,345,250,33.54101966249684,11.180339887498947,32.0624390837628,11.0,248,238,320,243
1344,14,274,249,346,249,32.55764119219941,11.180339887498947,31.144823004794876,11.045361017187261,249,238,322,241
1345,12,274,249,345,250,32.55764119219941,11.180339887498947,32.0624390837628,11.045361017187261,248,238,321,242
1345,12,274,249,345,249,32.55764119219941,12.041594578792294,31.144823004794876,12.041594578792294,248,238,322,241
1345,12,274,249,346,250,32.55764119219941,11.180339887498947,31.144823004794876,11.045361017187261,248,238,322,241
1345,12,275,249,346,250,32.38826948140329,11.180339887498947,31.144823004794876,11.045361017187261,249,238,322,242
1345,12,275,249,346,250,33.54101966249684,12.165525060596437,31.064449134018133,12.0,248,238,322,243
1345,12,275,250,346,250,33.54101966249684,11.180339887498947,32.14031735997639,12.041594578792294,248,238,322,241
1345,12,274,250,346,250,32.55764119219941,11.180339887498947,31.064449134018133,12.0,249,239,321,242
1345,12,274,252,345,251,32.38826948140329,11.045361017187261,31.064449134018133,11.045361017187261,248,241,321,244
1345,12,275,254,331,259,29.27456233660889,9.219544457292889,29.017236257093817,9.0,252,245,321,248
1345,12,276,252,346,253,31.40063693621516,10.19803902718557,31.064449134018133,10.0,251,242,322,245
1345,12,275,251,346,252,32.38826948140329,10.19803902718557,31.064449134018133,10.04987562112089,250,241,323,244
1345,12,277,252,347,252,32.55764119219941,10.04987562112089,31.064449134018133,11.045361017187261,251,241,323,245
1345,12,277,253,347,253,32.55764119219941,11.045361017187261,31.064449134018133,11.0,251,242,323,245
1345,12,276,252,347,252,33.54101966249684,10.19803902718557,31.144823004794876,11.045361017187261,250,241,323,245
1345,12,276,252,347,253,32.38826948140329,11.045361017187261,30.06659275674582,11.0,251,242,323,245
1345,12,277,253,348,253,32.55764119219941,10.19803902718557,31.064449134018133,11.0,251,242,323,246
1345,12,276,252,348,252,33.54101966249684,11.180339887498947,31.064449134018133,11.045361017187261,250,241,324,245
1345,12,277,252,348,252,32.38826948140329,11.180339887498947,30.06659275674582,11.0,252,241,324,244
1345,12,277,252,349,253,33.37663853655727,10.19803902718557,31.144823004794876,11.045361017187261,251,241,325,244
1345,12,277,252,348,253,32.38826948140329,11.180339887498947,31.064449134018133,11.0,251,241,323,245
1345,12,278,252,348,253,33.54101966249684,10.19803902718557,31.144823004794876,11.0,251,241,324,245
1345,12,278,252,349,254,32.55764119219941,10.19803902718557,30.06659275674582,11.045361017187261,253,241,325,246
1345,12,279,252,349,253,31.40063693621516,11.180339887498947,30.06659275674582,11.045361017187261,254,241,326,245
1345,12,279,252,349,253,32.55764119219941,11.180339887498947,30.14962686336267,11.045361017187261,253,241,326,245
1345,12,278,252,349,253,32.55764119219941,11.180339887498947,31.064449134018133,12.0,252,241,325,244
1345,28,278,253,348,253,33.54101966249684,11.180339887498947,31.064449134018133,11.045361017187261,251,241,324,246
1359,253,278,252,348,253,32.55764119219941,11.180339887498947,31.064449134018133,11.0,252,241,324,245
1352,396,277,252,348,253,34.52535300326414,11.180339887498947,32.0624390837628,11.045361017187261,250,240,324,244
1352,396,276,252,348,252,32.38826948140329,10.19803902718557,31.064449134018133,11.0,251,241,323,245
1351,421,276,252,348,253,33.54101966249684,11.180339887498947,31.064449134018133,11.0,250,241,324,245
1339,624,276,252,347,252,33.54101966249684,11.180339887498947,32.14031735997639,12.041594578792294,250,240,323,243
1342,706,276,253,346,254,32.55764119219941,11.180339887498947,31.064449134018133,11.045361017187261,250,242,322,246
1344,725,275,254,346,256,31.40063693621516,10.19803902718557,31.016124838541643,10.04987562112089,251,244,322,248
1351,749,275,255,346,257,31.256999216175565,10.19803902718557,30.01666203960727,10.0,251,245,323,249
1351,766,275,256,346,257,31.40063693621516,10.19803902718557,30.06659275674582,11.0,251,245,323,249
1351,766,276,256,347,258,31.40063693621516,10.04987562112089,30.01666203960727,9.0,251,246,322,251
1351,766,276,257,346,259,31.40063693621516,10.19803902718557,30.01666203960727,10.04987562112089,251,246,324,250
1351,764,276,257,346,259,31.40063693621516,8.06225774829855,29.017236257093817,9.0,252,247,324,250
1351,763,275,257,346,260,30.413812651491096,9.055385138137417,30.01666203960727,10.0,252,247,324,251
1351,763,276,258,348,260,31.256999216175565,9.219544457292889,30.01666203960727,9.0,252,248,324,251
1351,763,276,257,347,259,31.40063693621516,9.055385138137417,31.016124838541643,9.0,251,247,324,251
1351,763,276,257,348,259,31.256999216175565,9.219544457292889,29.017236257093817,9.0,252,248,325,251
1351,763,277,258,348,260,31.40063693621516,9.219544457292889,29.017236257093817,9.0,252,248,325,252
1351,763,276,258,347,261,31.40063693621516,9.219544457292889,30.01666203960727,10.0,252,248,324,252
1347,756,277,258,347,260,31.40063693621516,9.055385138137417,30.01666203960727,10.0,253,248,324,251
1346,753,277,260,341,263,30.14962686336267,7.280109889280519,29.017236257093817,7.0,254,251,324,255
1346,753,277,260,342,264,30.26549190084311,7.0710678118654755,29.017236257093817,7.0710678118654755,254,251,325,255
1346,753,276,258,342,262,30.26549190084311,8.06225774829855,29.017236257093817,9.0,253,249,325,253
1346,753,277,258,347,260,31.256999216175565,8.06225774829855,30.01666203960727,8.0,252,249,325,253
1346,753,276,258,347,260,31.256999216175565,9.219544457292889,30.01666203960727,8.06225774829855,252,248,325,252
1346,753,277,258,348,261,31.256999216175565,8.246211251235321,30.01666203960727,9.0,253,249,325,252
1346,753,277,257,347,261,31.256999216175565,8.06225774829855,30.0,9.0,253,248,325,252
1346,753,277,258,347,260,31.40063693621516,8.06225774829855,29.068883707497264,9.0,253,249,325,252
1346,753,276,258,347,260,30.26549190084311,9.055385138137417,29.017236257093817,10.04987562112089,253,248,325,251
1346,753,277,258,348,260,31.40063693621516,9.219544457292889,30.06659275674582,9.0,253,248,325,252
1346,753,277,258,348,261,31.40063693621516,8.246211251235321,30.01666203960727,9.0,253,249,325,252
1346,753,277,258,348,261,31.256999216175565,8.246211251235321,30.01666203960727,9.0,253,249,325,253
1346,753,277,258,348,260,31.256999216175565,8.06225774829855,30.01666203960727,9.0,253,248,326,252
1346,753,278,259,349,261,31.256999216175565,9.055385138137417,30.01666203960727,9.0,253,249,326,253
1346,753,278,258,349,261,31.40063693621516,9.219544457292889,30.01666203960727,9.0,254,248,326,252
1346,753,278,259,349,261,31.40063693621516,9.055385138137417,30.01666203960727,9.0,254,249,326,253
1346,753,278,259,349,261,31.40063693621516,9.055385138137417,30.01666203960727,10.0,254,249,326,252
1346,753,278,258,349,261,30.413812651491096,8.06225774829855,30.01666203960727,8.0,255,249,326,253
1346,753,279,258,349,261,31.256999216175565,8.06225774829855,29.017236257093817,9.0,255,249,327,252
1346,753,278,258,349,261,31.256999216175565,8.246211251235321,29.017236257093817,9.055385138137417,254,248,326,252
1346,753,278,259,349,261,31.256999216175565,9.219544457292889,30.06659275674582,9.0,254,249,326,252
1346,753,277,258,349,260,30.413812651491096,9.055385138137417,30.01666203960727,10.04987562112089,254,248,326,251
1346,753,277,258,348,261,31.40063693621516,9.055385138137417,30.01666203960727,10.04987562112089,253,248,326,252
1346,753,277,257,348,260,31.256999216175565,8.06225774829855,30.0,9.0,253,248,326,252
1346,753,278,258,349,261,32.38826948140329,9.055385138137417,30.06659275674582,10.0,253,248,326,252
1346,753,278,259,342,262,29.1547594742265,8.06225774829855,29.0,8.0,256,250,325,253
1346,753,278,259,342,262,30.14962686336267,7.0710678118654755,29.0,7.0,255,251,326,254
1346,753,278,258,349,260,30.14962686336267,8.06225774829855,29.017236257093817,8.0,255,249,327,252
1346,753,278,258,349,260,31.40063693621516,8.06225774829855,30.01666203960727,9.0,254,248,326,252
1346,753,279,257,349,261,31.256999216175565,8.06225774829855,30.01666203960727,8.0,254,248,326,252
1346,753,278,258,349,260,32.38826948140329,9.219544457292889,30.01666203960727,10.04987562112089,253,248,327,252
1346,753,278,257,349,261,32.2490309931942,8.06225774829855,30.0,9.0,253,248,326,252
1346,753,278,257,349,261,31.256999216175565,9.055385138137417,29.017236257093817,9.0,254,248,327,252
1346,753,278,257,348,260,31.40063693621516,8.246211251235321,30.01666203960727,9.0,254,248,326,251
1346,753,278,257,349,260,30.26549190084311,8.06225774829855,30.01666203960727,8.06225774829855,254,248,326,252
1346,753,278,258,343,261,31.40063693621516,8.246211251235321,30.0,9.0,254,248,326,252
1346,753,278,259,342,263,29.1547594742265,7.280109889280519,29.017236257093817,7.0,256,251,326,255
1346,753,278,258,348,260,30.26549190084311,8.06225774829855,30.01666203960727,9.0,254,249,326,252
1346,753,278,257,349,260,30.26549190084311,8.06225774829855,29.0,9.0,255,248,327,251
1346,753,278,257,349,260,30.26549190084311,8.06225774829855,30.0,9.0,254,248,326,252
1346,753,278,258,348,261,30.413812651491096,9.055385138137417,30.01666203960727,9.0,254,248,326,253
1346,753,278,258,348,261,32.38826948140329,8.246211251235321,31.016124838541643,8.0,252,249,326,253
1346,753,278,258,349,260,31.40063693621516,9.219544457292889,30.06659275674582,9.0,254,248,326,252
1346,753,278,257,349,260,32.38826948140329,10.04987562112089,30.01666203960727,10.0,253,247,326,251
1346,753,278,258,348,261,31.256999216175565,9.219544457292889,29.017236257093817,9.0,254,248,326,252
1346,753,276,260,342,263,29.1547594742265,6.0827625302982185,29.017236257093817,7.0,255,252,326,255
1346,753,277,259,343,261,30.14962686336267,7.0710678118654755,30.01666203960727,7.0,254,250,325,253
1346,753,277,257,342,261,30.26549190084311,8.06225774829855,30.0,9.0,254,248,326,252
1346,753,277,257,348,260,30.413812651491096,8.06225774829855,30.01666203960727,8.0,254,248,326,252
1346,753,277,258,342,261,31.256999216175565,8.06225774829855,30.01666203960727,9.0,253,249,325,252
1346,753,276,257,348,259,30.26549190084311,9.055385138137417,30.01666203960727,9.0,253,247,325,251
1346,753,276,257,348,259,30.26549190084311,8.06225774829855,30.01666203960727,9.0,253,247,325,251
1346,753,277,258,342,261,30.26549190084311,8.06225774829855,30.01666203960727,9.0,253,248,325,252
1249,752,277,257,348,260,31.256999216175565,8.06225774829855,30.01666203960727,9.0,253,248,325,251
957,760,276,257,348,260,31.256999216175565,9.055385138137417,30.01666203960727,9.0,252,248,325,251
654,767,277,257,348,261,31.256999216175565,8.246211251235321,30.01666203960727,8.0,253,248,325,252
422,767,276,257,348,260,31.40063693621516,9.219544457292889,30.01666203960727,10.04987562112089,252,247,325,251
327,765,277,257,347,260,31.40063693621516,9.055385138137417,30.01666203960727,9.0,253,247,325,251
327,745,276,258,347,260,31.256999216175565,8.06225774829855,31.064449134018133,9.0,252,248,324,251
378,717,274,257,340,261,31.256999216175565,8.246211251235321,30.01666203960727,9.0,250,248,323,251
327,715,272,258,338,261,31.256999216175565,9.055385138137417,29.017236257093817,9.0,250,249,322,252
327,715,269,257,336,260,31.40063693621516,8.06225774829855,30.01666203960727,9.0,247,247,320,251
197,709,267,257,333,259,31.256999216175565,8.06225774829855,30.01666203960727,9.0,245,247,317,250
118,700,265,257,331,260,31.256999216175565,8.246211251235321,31.064449134018133,8.0,243,248,315,251
53,723,257,256,330,260,30.26549190084311,8.246211251235321,31.0,8.0,242,248,314,251
0,750,262,257,328,259,30.26549190084311,9.055385138137417,30.01666203960727,9.0,241,247,313,250
0,750,261,257,327,260,30.14962686336267,8.06225774829855,30.01666203960727,9.0,240,248,311,251
6,749,259,257,326,260,30.26549190084311,10.19803902718557,31.016124838541643,11.045361017187261,238,247,310,250
14,747,260,257,326,260,30.14962686336267,9.055385138137417,30.01666203960727,10.0,238,248,310,250
29,741,258,257,325,260,29.427877939124325,9.055385138137417,30.0,9.0,238,247,309,251
29,741,258,259,323,263,29.27456233660889,7.280109889280519,30.01666203960727,8.06225774829855,238,249,307,254
29,741,259,258,324,263,29.27456233660889,8.246211251235321,30.01666203960727,9.0,238,249,308,254
29,741,259,258,325,261,30.26549190084311,9.055385138137417,31.0,10.0,238,248,309,251
29,741,260,258,326,261,30.26549190084311,9.055385138137417,30.0,9.055385138137417,238,248,310,252
29,741,259,258,325,261,30.413812651491096,10.04987562112089,31.016124838541643,10.0,238,248,309,251
29,741,264,261,329,265,28.284271247461902,8.06225774829855,30.06659275674582,8.0,240,251,309,256
29,741,259,260,324,263,29.27456233660889,8.06225774829855,30.0,9.0,238,251,308,254
29,741,258,259,324,261,30.26549190084311,9.055385138137417,31.0,9.0,236,249,308,252
29,741,258,259,324,263,29.27456233660889,9.055385138137417,31.0,10.04987562112089,237,249,308,253
29,741,258,259,324,262,30.26549190084311,9.055385138137417,30.01666203960727,10.0,237,249,308,252
29,741,258,259,324,261,29.27456233660889,9.055385138137417,30.0,9.0,237,249,308,252
29,741,258,259,324,261,29.27456233660889,9.055385138137417,31.0,9.055385138137417,237,249,308,252
29,741,260,258,325,262,30.26549190084311,9.055385138137417,31.0,10.0,238,249,308,252
29,741,259,258,325,262,30.26549190084311,8.06225774829855,31.0,10.04987562112089,237,248,309,252
29,741,259,258,324,262,30.413812651491096,8.246211251235321,30.0,10.04987562112089,237,248,308,252
29,741,262,260,328,264,29.1547594742265,7.0710678118654755,30.01666203960727,7.0710678118654755,239,251,308,255
29,741,259,258,324,262,29.1547594742265,8.06225774829855,30.0,8.0,238,249,308,253
29,741,258,258,324,261,29.1547594742265,9.055385138137417,30.0,9.0,237,249,308,252
29,741,258,258,323,261,30.26549190084311,9.055385138137417,32.0,10.0,236,248,307,251
29,741,258,258,323,261,30.413812651491096,8.06225774829855,30.0,9.0,236,249,307,252
29,741,257,258,323,261,29.27456233660889,9.219544457292889,30.01666203960727,10.0,236,248,307,251
29,741,257,258,323,261,29.1547594742265,8.06225774829855,30.01666203960727,10.0,236,249,307,251
29,741,257,258,323,260,30.26549190084311,9.055385138137417,31.016124838541643,10.04987562112089,236,248,307,251
29,741,258,258,323,262,30.413812651491096,10.04987562112089,31.016124838541643,10.04987562112089,236,248,307,252
29,741,258,257,323,260,30.26549190084311,8.246211251235321,31.016124838541643,9.0,236,248,307,251
29,741,258,257,324,260,29.27456233660889,8.06225774829855,31.016124838541643,10.0,237,247,307,250
29,741,258,257,324,260,30.26549190084311,9.055385138137417,31.016124838541643,10.0,237,247,308,250
29,741,259,258,324,261,30.26549190084311,10.04987562112089,31.016124838541643,10.04987562112089,237,248,308,251
29,741,261,259,327,261,29.068883707497264,8.06225774829855,30.01666203960727,8.06225774829855,238,249,307,252
29,741,257,257,323,260,29.27456233660889,9.055385138137417,30.01666203960727,9.0,236,248,307,251
29,741,258,258,322,260,29.27456233660889,9.219544457292889,31.016124838541643,10.0,237,248,306,250
29,741,258,258,323,260,29.27456233660889,9.219544457292889,31.016124838541643,9.0,237,248,306,251
29,741,258,258,323,260,30.26549190084311,9.055385138137417,31.016124838541643,9.0,236,248,306,251
29,741,261,261,326,264,29.1547594742265,7.0710678118654755,30.01666203960727,7.0710678118654755,237,252,306,256
29,741,259,260,322,262,29.27456233660889,8.06225774829855,30.0,9.055385138137417,237,251,306,253
29,741,258,259,323,262,29.1547594742265,9.055385138137417,30.01666203960727,10.0,237,250,307,252
29,741,258,259,323,261,30.26549190084311,8.246211251235321,30.01666203960727,9.0,236,250,307,252
29,741,257,259,322,261,29.27456233660889,9.219544457292889,31.016124838541643,9.055385138137417,236,249,306,252
29,741,257,259,321,261,29.1547594742265,10.19803902718557,31.016124838541643,9.055385138137417,236,249,305,252
29,741,257,259,322,261,30.26549190084311,9.219544457292889,31.0,9.0,235,249,306,252
29,741,257,259,322,261,29.27456233660889,9.055385138137417,31.016124838541643,9.0,236,249,306,252
29,741,257,259,322,261,29.27456233660889,9.055385138137417,31.016124838541643,9.055385138137417,236,249,306,252
29,741,257,259,322,261,30.26549190084311,9.055385138137417,31.016124838541643,10.0,235,249,306,251
29,741,258,259,322,261,30.26549190084311,9.055385138137417,31.016124838541643,10.0,236,249,306,251
29,741,258,258,323,260,30.26549190084311,9.219544457292889,31.016124838541643,9.055385138137417,236,248,307,251
29,741,258,258,323,261,30.26549190084311,10.19803902718557,31.016124838541643,10.04987562112089,236,248,307,251
29,741,258,259,323,261,30.26549190084311,9.055385138137417,31.016124838541643,10.0,236,249,307,251
29,741,257,259,322,261,30.26549190084311,9.055385138137417,31.016124838541643,10.0,235,249,305,251
29,741,257,257,322,259,29.1547594742265,9.055385138137417,31.016124838541643,10.04987562112089,236,248,306,249
29,741,257,256,323,258,30.26549190084311,9.219544457292889,31.016124838541643,9.0,235,247,306,249
29,741,258,257,324,260,29.27456233660889,9.055385138137417,31.064449134018133,10.04987562112089,237,247,308,250
29,741,258,257,323,260,30.14962686336267,9.055385138137417,30.0,10.0,236,248,307,250
29,741,258,258,323,260,30.26549190084311,9.055385138137417,31.016124838541643,9.0,237,248,307,251
29,741,258,257,324,259,30.26549190084311,9.055385138137417,31.016124838541643,10.04987562112089,237,247,308,249
29,741,258,256,324,258,29.27456233660889,9.055385138137417,31.016124838541643,10.0,237,245,308,248
29,741,258,258,324,260,30.26549190084311,9.055385138137417,31.064449134018133,10.0,236,248,307,250
29,741,258,258,324,261,30.26549190084311,9.055385138137417,31.016124838541643,10.04987562112089,237,248,307,251
29,741,263,261,326,263,28.0713376952364,7.0710678118654755,30.01666203960727,7.0710678118654755,240,252,307,255
29,741,260,259,324,261,29.1547594742265,8.246211251235321,30.01666203960727,9.0,238,250,308,252
29,741,258,258,323,260,30.26549190084311,9.055385138137417,31.016124838541643,9.0,237,248,307,251
29,741,258,258,323,260,30.14962686336267,9.055385138137417,31.016124838541643,9.055385138137417,236,249,307,251
29,741,256,258,322,260,29.27456233660889,8.246211251235321,30.06659275674582,10.0,236,249,306,250
29,741,256,257,322,259,30.14962686336267,9.055385138137417,30.01666203960727,9.0,234,248,306,250
29,741,257,257,322,259,30.14962686336267,9.219544457292889,31.016124838541643,9.0,235,247,306,250
29,741,256,257,321,260,30.26549190084311,9.055385138137417,30.01666203960727,9.055385138137417,234,248,305,251
34,658,255,258,321,260,30.26549190084311,9.219544457292889,31.016124838541643,9.0,233,248,305,251
37,327,254,258,320,260,29.27456233660889,8.06225774829855,30.01666203960727,9.0,233,249,304,251
45,29,254,257,319,259,29.1547594742265,8.06225774829855,31.016124838541643,9.055385138137417,233,248,304,250
25,0,254,257,320,259,30.26549190084311,9.055385138137417,31.016124838541643,9.055385138137417,233,247,304,250
18,0,254,257,320,259,29.27456233660889,8.06225774829855,30.01666203960727,9.0,233,248,304,250
14,0,252,256,318,258,30.26549190084311,9.219544457292889,32.01562118716424,10.04987562112089,231,246,302,249
12,0,252,256,318,258,29.27456233660889,8.246211251235321,30.01666203960727,9.0,231,246,302,249
11,2,246,251,315,254,31.256999216175565,11.045361017187261,31.144823004794876,11.0,228,243,300,244
11,6,244,251,315,254,30.413812651491096,12.041594578792294,32.14031735997639,12.041594578792294,228,242,299,243
11,9,245,251,315,253,30.26549190084311,11.045361017187261,32.0624390837628,11.045361017187261,228,242,299,243
13,10,245,250,315,254,31.256999216175565,11.180339887498947,32.2490309931942,11.045361017187261,228,242,299,243
14,10,245,251,315,255,31.40063693621516,11.180339887498947,32.0624390837628,11.045361017187261,228,243,299,245
14,10,246,250,315,254,31.40063693621516,11.045361017187261,33.13608305156178,11.045361017187261,228,242,299,244
14,10,246,251,316,253,31.40063693621516,11.180339887498947,33.24154027718932,13.038404810405298,229,241,300,242
14,10,245,251,315,255,32.38826948140329,11.045361017187261,33.13608305156178,11.045361017187261,227,242,299,244
14,10,246,251,316,254,31.40063693621516,12.041594578792294,33.24154027718932,13.038404810405298,228,242,300,243
14,10,246,251,316,254,31.40063693621516,12.041594578792294,32.14031735997639,12.041594578792294,228,242,300,243
14,10,246,251,316,253,31.40063693621516,12.041594578792294,33.24154027718932,12.041594578792294,229,241,300,242
14,10,246,251,315,255,30.413812651491096,12.165525060596437,33.13608305156178,11.0,228,242,299,244
14,10,245,252,315,256,30.413812651491096,11.045361017187261,31.144823004794876,11.045361017187261,229,244,299,246
14,10,246,253,315,257,29.27456233660889,9.219544457292889,30.06659275674582,10.0,230,247,300,248
14,10,245,252,315,256,30.413812651491096,9.055385138137417,32.14031735997639,10.0,229,244,300,246
14,10,246,252,316,255,31.40063693621516,11.045361017187261,32.14031735997639,11.045361017187261,229,243,300,245
14,10,246,251,316,254,31.40063693621516,11.045361017187261,32.14031735997639,11.045361017187261,229,243,300,244
14,10,246,251,317,254,31.40063693621516,12.041594578792294,33.13608305156178,12.0,229,242,300,243
14,10,247,251,316,255,31.40063693621516,11.180339887498947,32.14031735997639,11.0,229,243,300,245
14,10,247,251,317,254,31.40063693621516,11.045361017187261,32.14031735997639,12.041594578792294,229,242,301,243
14,10,247,251,317,254,30.413812651491096,12.165525060596437,32.14031735997639,12.041594578792294,229,242,301,243
14,10,247,251,316,255,30.413812651491096,11.180339887498947,33.13608305156178,12.0,229,242,300,244
14,10,246,251,317,255,31.40063693621516,11.180339887498947,33.24154027718932,11.045361017187261,229,242,300,244
14,10,246,251,316,255,31.40063693621516,12.165525060596437,32.14031735997639,11.0,229,243,300,245
14,10,246,251,317,255,31.40063693621516,11.045361017187261,32.14031735997639,11.045361017187261,229,242,301,245
14,10,246,251,317,254,31.57530680769389,11.180339887498947,33.24154027718932,12.041594578792294,229,242,301,243
14,10,246,251,317,255,31.40063693621516,12.041594578792294,32.14031735997639,11.045361017187261,229,243,301,245
14,10,247,251,317,255,31.40063693621516,11.180339887498947,32.14031735997639,12.041594578792294,229,242,301,244
14,10,247,250,317,254,31.40063693621516,12.041594578792294,33.13608305156178,12.041594578792294,229,242,301,243
14,10,247,251,317,255,30.413812651491096,11.045361017187261,32.14031735997639,12.041594578792294,230,242,301,244
14,10,246,251,316,254,31.40063693621516,11.180339887498947,32.14031735997639,11.045361017187261,229,242,300,244
14,10,247,251,317,254,30.413812651491096,12.041594578792294,33.13608305156178,12.041594578792294,230,241,300,243
14,10,247,251,317,254,31.40063693621516,12.165525060596437,33.24154027718932,12.041594578792294,229,242,301,243
14,10,247,251,317,254,31.40063693621516,11.180339887498947,33.24154027718932,12.041594578792294,229,242,301,243
14,10,254,255,316,257,29.1547594742265,9.055385138137417,30.06659275674582,9.055385138137417,232,246,301,248
14,10,246,252,317,256,30.26549190084311,10.04987562112089,31.064449134018133,10.04987562112089,230,244,301,246
14,10,246,251,316,255,30.26549190084311,11.045361017187261,32.14031735997639,11.045361017187261,229,244,300,245
14,10,246,251,316,255,30.413812651491096,11.045361017187261,32.2490309931942,11.045361017187261,229,243,300,244
14,10,245,252,316,255,31.40063693621516,10.04987562112089,32.2490309931942,12.041594578792294,228,243,300,244
14,10,246,251,316,254,30.413812651491096,11.045361017187261,32.14031735997639,11.045361017187261,229,242,300,244
14,10,247,251,317,255,31.40063693621516,11.180339887498947,32.2490309931942,11.045361017187261,229,242,301,244
14,10,246,251,317,255,31.40063693621516,12.165525060596437,33.24154027718932,12.041594578792294,229,243,300,244
14,10,246,251,317,254,30.413812651491096,11.045361017187261,32.2490309931942,12.041594578792294,230,242,301,243
14,10,246,252,316,255,30.413812651491096,11.045361017187261,32.14031735997639,12.041594578792294,229,243,300,244
14,10,246,252,317,255,31.40063693621516,11.180339887498947,32.14031735997639,12.041594578792294,229,243,301,244
14,10,246,252,316,254,32.38826948140329,11.180339887498947,34.23448553724738,12.041594578792294,228,243,300,243
14,10,246,251,316,255,31.256999216175565,11.180339887498947,33.24154027718932,12.041594578792294,229,243,300,244
14,10,246,251,317,255,31.256999216175565,11.180339887498947,33.13608305156178,11.0,229,243,300,245
14,10,246,252,316,256,30.413812651491096,11.045361017187261,32.14031735997639,11.0,230,243,300,245
14,10,246,251,317,255,30.413812651491096,11.045361017187261,32.14031735997639,12.041594578792294,230,243,301,244
14,10,246,252,316,255,31.40063693621516,11.180339887498947,32.14031735997639,11.045361017187261,229,243,300,245
14,10,247,251,317,255,32.38826948140329,12.041594578792294,33.13608305156178,12.041594578792294,228,242,301,244
14,10,246,252,316,255,31.40063693621516,12.041594578792294,32.2490309931942,12.041594578792294,228,243,300,244
53,5,246,251,317,254,31.40063693621516,11.180339887498947,32.2490309931942,12.041594578792294,229,243,301,243
230,0,246,251,316,255,30.26549190084311,11.045361017187261,32.14031735997639,11.045361017187261,229,243,300,245
445,0,246,251,317,254,30.413812651491096,11.045361017187261,32.2490309931942,12.041594578792294,229,242,301,243
605,0,247,251,317,254,31.40063693621516,12.041594578792294,32.14031735997639,11.045361017187261,229,243,301,244
605,0,247,252,317,255,32.38826948140329,11.045361017187261,32.2490309931942,11.045361017187261,228,243,301,244
605,0,247,251,317,254,31.256999216175565,12.165525060596437,32.14031735997639,11.045361017187261,229,243,301,244
876,0,252,254,318,255,31.40063693621516,11.045361017187261,32.0624390837628,11.0,229,244,301,246
934,0,252,253,319,255,31.40063693621516,12.041594578792294,33.24154027718932,12.041594578792294,229,243,301,244
934,0,254,254,324,253,31.40063693621516,12.165525060596437,32.14031735997639,12.041594578792294,230,243,302,245
991,0,253,254,319,256,30.413812651491096,10.19803902718557,32.0624390837628,11.0,230,244,301,247
1198,0,251,252,325,253,31.40063693621516,11.180339887498947,32.14031735997639,11.045361017187261,230,243,302,245
1314,0,256,253,327,254,31.40063693621516,12.041594578792294,33.13608305156178,12.041594578792294,231,243,303,245
1365,6,257,254,328,254,31.57530680769389,10.04987562112089,32.0624390837628,11.0,232,243,303,247
1365,7,259,255,329,256,30.413812651491096,10.19803902718557,30.01666203960727,10.04987562112089,234,245,304,250
1365,7,259,253,331,254,31.40063693621516,11.180339887498947,32.0624390837628,11.0,234,243,307,246
1359,7,264,255,335,256,31.57530680769389,9.055385138137417,30.01666203960727,10.0,238,245,308,249
1349,9,265,258,330,261,29.068883707497264,7.280109889280519,29.0,7.0,242,249,311,252
1345,9,266,254,338,254,30.413812651491096,10.04987562112089,31.064449134018133,10.04987562112089,242,244,313,247
1343,9,267,253,338,253,31.57530680769389,11.180339887498947,31.064449134018133,11.0,242,242,314,245
1343,9,267,254,339,253,31.57530680769389,12.165525060596437,32.2490309931942,12.0,242,242,314,245
1343,9,268,254,340,253,32.38826948140329,11.180339887498947,32.14031735997639,12.0,242,243,315,245
1343,9,268,254,340,254,32.38826948140329,11.180339887498947,31.064449134018133,12.041594578792294,242,243,316,246
1343,9,268,254,341,255,31.40063693621516,10.19803902718557,30.06659275674582,10.04987562112089,243,244,315,248
1343,9,268,253,340,253,32.55764119219941,12.165525060596437,32.14031735997639,12.041594578792294,242,241,315,245
1343,9,268,255,339,254,32.38826948140329,10.19803902718557,31.064449134018133,11.0,242,244,314,247
1343,9,268,253,340,253,32.55764119219941,11.180339887498947,32.0624390837628,11.0,242,242,315,245
1343,9,267,253,339,254,32.38826948140329,12.165525060596437,32.14031735997639,11.045361017187261,242,242,315,245
1343,9,269,254,340,254,31.40063693621516,11.180339887498947,31.064449134018133,10.0,243,243,316,247
1343,9,268,254,341,253,32.55764119219941,11.180339887498947,32.2490309931942,12.0,242,242,316,245
1343,9,269,254,340,254,32.38826948140329,11.180339887498947,32.14031735997639,11.045361017187261,243,242,315,246
1343,9,270,256,326,261,30.26549190084311,8.246211251235321,29.017236257093817,9.0,245,247,316,250
1343,9,270,255,340,254,32.38826948140329,11.180339887498947,32.0624390837628,11.0,243,244,316,247
1343,9,269,254,341,255,31.40063693621516,11.045361017187261,31.144823004794876,10.0,244,243,316,247
1343,9,270,254,342,254,31.40063693621516,10.19803902718557,31.064449134018133,11.0,244,243,317,246
1343,9,269,254,341,254,31.57530680769389,11.180339887498947,31.064449134018133,10.0,244,243,316,247
1343,9,270,255,341,255,30.26549190084311,10.19803902718557,30.06659275674582,10.0,246,245,317,247
1343,9,271,256,325,260,30.26549190084311,8.06225774829855,30.01666203960727,8.0,247,247,317,250
1343,9,270,255,342,255,31.40063693621516,10.19803902718557,32.14031735997639,10.04987562112089,245,245,317,247
1343,9,271,254,342,254,32.55764119219941,10.19803902718557,31.064449134018133,10.04987562112089,245,243,318,247
1343,9,271,254,343,255,31.40063693621516,10.19803902718557,31.064449134018133,10.0,246,244,319,247
1343,39,272,255,344,254,31.40063693621516,10.19803902718557,31.064449134018133,11.0,247,244,319,247
1345,74,272,255,344,255,32.55764119219941,10.19803902718557,31.144823004794876,11.045361017187261,246,244,320,247
1347,111,272,255,344,255,31.40063693621516,11.180339887498947,31.064449134018133,11.045361017187261,247,244,320,247
1348,146,272,255,344,256,32.38826948140329,11.180339887498947,31.144823004794876,11.0,246,244,320,247
1353,175,272,255,345,256,31.57530680769389,10.19803902718557,31.064449134018133,10.0,247,244,320,248
1361,224,274,255,345,256,32.38826948140329,10.04987562112089,31.064449134018133,10.0,248,245,320,249
1363,255,274,255,345,257,32.55764119219941,10.19803902718557,31.144823004794876,10.0,248,244,321,249
1363,255,274,255,346,257,31.40063693621516,10.19803902718557,31.064449134018133,10.0,249,245,321,249
1363,255,274,256,346,258,32.55764119219941,10.19803902718557,31.064449134018133,10.0,248,245,322,249
1360,320,275,256,347,258,33.734255586866006,11.180339887498947,32.14031735997639,11.0,249,244,323,249
1359,405,276,256,348,259,32.55764119219941,10.19803902718557,31.016124838541643,11.045361017187261,251,245,324,250
1365,559,276,257,349,259,33.54101966249684,10.19803902718557,32.14031735997639,11.045361017187261,250,246,324,250
1365,559,277,258,349,260,31.780497164141405,11.180339887498947,31.064449134018133,10.04987562112089,252,247,325,252
1365,559,278,258,350,260,32.38826948140329,9.219544457292889,31.064449134018133,10.0,252,247,325,252
1340,601,278,258,350,260,32.7566787083184,10.19803902718557,31.064449134018133,10.04987562112089,253,247,326,252
1335,633,280,259,351,261,33.37663853655727,9.219544457292889,31.016124838541643,10.04987562112089,254,248,327,253
1336,663,280,260,351,262,32.55764119219941,10.19803902718557,31.064449134018133,10.0,254,249,327,254
1344,700,280,260,350,263,31.57530680769389,10.19803902718557,30.0,9.0,255,250,327,256
1348,733,279,260,351,263,31.57530680769389,9.219544457292889,31.064449134018133,10.04987562112089,255,249,327,254
1349,750,280,260,352,263,30.413812651491096,9.219544457292889,29.017236257093817,10.0,256,250,328,255
1351,762,280,260,351,264,32.55764119219941,9.219544457292889,31.016124838541643,10.0,255,249,328,255
1351,762,280,261,352,264,31.40063693621516,9.219544457292889,30.01666203960727,10.0,256,251,328,256
1351,762,280,262,352,265,31.57530680769389,10.04987562112089,30.01666203960727,10.0,256,251,329,256
1351,762,280,261,352,265,31.40063693621516,9.055385138137417,30.01666203960727,10.0,256,250,329,256
1351,762,280,261,352,265,31.40063693621516,9.219544457292889,30.01666203960727,9.0,256,250,329,256
1351,762,281,261,352,265,31.57530680769389,9.219544457292889,30.01666203960727,9.0,257,250,329,256
1351,762,282,261,352,265,31.40063693621516,9.055385138137417,30.01666203960727,9.0,257,251,330,256
1351,762,281,264,346,268,30.14962686336267,7.0710678118654755,29.017236257093817,7.0,259,255,330,260
1351,762,282,262,352,267,31.40063693621516,8.06225774829855,29.0,8.0,258,253,330,258
1351,762,281,261,352,265,30.413812651491096,8.06225774829855,29.0,9.0,258,252,330,256
1351,762,281,261,351,265,31.40063693621516,9.055385138137417,30.01666203960727,9.0,257,251,329,256
1351,762,281,261,352,265,30.413812651491096,8.06225774829855,29.0,8.0,257,252,329,257
1351,762,281,262,351,265,31.40063693621516,8.06225774829855,29.0,8.0,257,252,329,257
1351,762,280,261,352,264,31.40063693621516,9.055385138137417,29.017236257093817,10.04987562112089,256,251,329,256
1351,762,280,261,351,264,31.40063693621516,9.055385138137417,29.017236257093817,10.0,256,251,329,256
1351,762,280,261,351,265,32.55764119219941,8.246211251235321,30.01666203960727,9.0,255,251,328,256
1351,762,280,261,351,265,31.40063693621516,9.219544457292889,29.017236257093817,10.0,255,251,329,256
1351,762,280,262,351,265,31.40063693621516,9.055385138137417,30.0,9.0,256,252,328,257
1351,762,279,261,350,264,31.40063693621516,9.219544457292889,30.06659275674582,9.0,255,251,327,256
1351,762,279,261,350,265,31.256999216175565,8.246211251235321,29.017236257093817,9.0,255,252,328,256
1351,762,279,261,351,265,31.40063693621516,9.055385138137417,30.01666203960727,9.0,255,251,327,256
1351,762,280,261,351,265,31.40063693621516,8.246211251235321,30.01666203960727,9.0,255,252,327,256
1351,762,280,261,351,264,31.40063693621516,9.219544457292889,31.016124838541643,9.055385138137417,255,251,327,256
1351,762,280,261,351,264,30.413812651491096,9.055385138137417,30.01666203960727,9.0,256,251,328,256
1325,762,279,261,350,265,31.57530680769389,9.055385138137417,30.01666203960727,9.055385138137417,255,251,328,256
1225,759,280,261,350,264,30.413812651491096,9.219544457292889,30.0,9.0,256,251,328,256
1178,752,279,262,350,265,31.40063693621516,9.055385138137417,30.0,9.0,255,252,327,256
1126,740,279,261,345,265,31.40063693621516,8.246211251235321,30.01666203960727,9.0,255,251,327,256
1070,736,278,261,349,264,31.57530680769389,9.219544457292889,30.01666203960727,10.0,254,251,327,255
980,749,278,261,345,265,31.40063693621516,8.06225774829855,30.0,9.0,254,251,328,256
922,762,278,261,350,265,31.40063693621516,9.055385138137417,30.01666203960727,9.0,254,251,327,256
880,767,278,261,349,264,30.413812651491096,8.06225774829855,29.017236257093817,9.0,255,251,327,256
822,759,277,261,343,265,31.40063693621516,8.246211251235321,30.01666203960727,9.0,254,251,326,256
749,751,276,262,343,265,31.256999216175565,9.055385138137417,30.06659275674582,9.055385138137417,253,252,326,256
625,744,275,261,341,265,31.40063693621516,8.246211251235321,31.016124838541643,9.0,252,251,324,256
559,751,274,262,341,265,31.256999216175565,9.219544457292889,31.0,9.0,251,252,324,256
559,751,273,261,340,265,30.26549190084311,9.055385138137417,30.01666203960727,9.0,251,252,323,256
559,751,273,262,338,265,31.40063693621516,9.055385138137417,31.016124838541643,9.0,250,252,322,256
500,751,270,261,336,264,30.26549190084311,8.246211251235321,29.017236257093817,8.0,248,252,320,255
446,750,269,260,335,264,30.413812651491096,8.246211251235321,31.016124838541643,9.0,247,251,318,254
399,749,268,261,335,264,30.413812651491096,8.246211251235321,30.01666203960727,9.0,246,252,319,255
341,744,268,261,334,264,30.26549190084311,8.246211251235321,30.01666203960727,9.0,245,252,318,255
288,741,267,260,333,264,31.256999216175565,8.06225774829855,31.016124838541643,9.0,245,251,316,255
240,742,266,261,332,265,30.413812651491096,8.06225774829855,30.01666203960727,8.0,244,252,316,256
209,742,265,261,331,264,30.26549190084311,8.246211251235321,30.0,8.0,243,252,315,256
175,744,262,261,329,265,29.27456233660889,8.06225774829855,30.0,8.0,241,252,313,256
137,748,261,261,328,264,29.27456233660889,8.246211251235321,29.017236257093817,9.0,240,252,312,255
87,748,261,261,327,264,30.26549190084311,9.219544457292889,30.01666203960727,9.0,239,251,311,255
48,748,259,260,326,264,30.26549190084311,8.246211251235321,30.01666203960727,8.0,238,250,310,255
40,748,260,260,325,263,31.256999216175565,8.06225774829855,31.016124838541643,9.0,238,251,309,254
38,748,258,260,325,264,30.26549190084311,8.06225774829855,30.0,10.0,237,251,309,254
38,748,257,259,325,263,30.413812651491096,8.0,31.0,9.0,236,249,308,254
38,748,258,260,324,264,29.27456233660889,9.055385138137417,31.0,10.0,237,250,308,254
38,748,258,260,324,264,30.413812651491096,8.246211251235321,31.0,10.0,237,250,308,254
38,748,258,259,324,263,29.427877939124325,8.06225774829855,30.01666203960727,9.0,237,249,308,254
38,748,253,258,324,262,30.26549190084311,9.055385138137417,32.0,9.0,236,249,307,253
38,748,253,258,324,264,30.59411708155671,8.246211251235321,30.01666203960727,9.0,237,249,308,255
38,748,254,258,326,263,30.413812651491096,8.246211251235321,31.0,9.0,237,249,309,254
38,748,261,258,327,262,29.427877939124325,8.246211251235321,30.01666203960727,9.0,240,248,311,253
38,748,266,261,330,266,27.16615541441225,6.0827625302982185,30.01666203960727,6.0827625302982185,244,253,311,258
38,748,263,261,328,264,28.160255680657446,7.280109889280519,29.0,7.0710678118654755,243,252,313,256
38,748,264,260,329,263,29.27456233660889,8.246211251235321,30.01666203960727,8.0,244,251,314,254
38,748,264,260,330,263,30.26549190084311,9.055385138137417,31.0,9.0,243,250,314,254
38,748,264,260,331,263,28.284271247461902,8.246211251235321,30.06659275674582,9.055385138137417,245,250,315,254
38,748,261,260,331,263,29.427877939124325,8.246211251235321,30.01666203960727,9.055385138137417,245,251,316,254
38,748,264,261,330,264,29.427877939124325,8.246211251235321,30.06659275674582,9.0,244,252,315,255
38,748,264,262,330,265,30.413812651491096,8.246211251235321,30.06659275674582,8.0,243,252,314,256
38,748,264,262,330,265,29.427877939124325,9.219544457292889,30.01666203960727,9.0,244,252,315,256
38,748,267,263,331,266,27.16615541441225,7.0710678118654755,29.0,7.0710678118654755,247,254,315,257
38,748,266,262,332,265,27.073972741361768,6.0827625302982185,29.0,7.0710678118654755,247,254,316,257
38,748,266,262,331,264,29.1547594742265,7.0710678118654755,30.01666203960727,8.0,245,253,316,256
38,748,266,260,331,263,30.14962686336267,7.0710678118654755,31.016124838541643,9.0,245,251,315,254
38,748,266,261,331,264,30.26549190084311,8.06225774829855,30.01666203960727,9.0,245,252,315,255
38,748,265,261,331,264,29.1547594742265,8.06225774829855,30.01666203960727,8.0,245,252,316,256
38,748,266,261,331,264,28.284271247461902,8.06225774829855,29.017236257093817,8.0,246,252,315,256
38,748,267,263,332,265,28.0713376952364,7.0710678118654755,29.017236257093817,7.0710678118654755,247,254,316,257
38,748,267,261,331,264,29.27456233660889,7.0710678118654755,29.017236257093817,8.0,246,253,316,255
38,748,266,260,331,263,29.1547594742265,8.246211251235321,30.0,9.0,245,251,315,254
38,748,265,260,331,263,30.26549190084311,8.06225774829855,30.01666203960727,8.0,244,251,315,254
38,748,266,259,331,261,29.1547594742265,8.06225774829855,31.016124838541643,9.055385138137417,245,250,315,252
38,748,266,260,331,262,29.427877939124325,9.219544457292889,30.06659275674582,9.0,245,250,315,253
38,748,266,260,331,262,29.27456233660889,8.06225774829855,29.068883707497264,9.055385138137417,245,250,316,253
38,748,260,259,330,263,29.27456233660889,9.219544457292889,30.01666203960727,8.06225774829855,244,250,315,254
38,748,264,260,328,263,29.27456233660889,8.246211251235321,30.01666203960727,8.0,243,251,313,254
38,748,262,259,327,262,28.284271247461902,8.246211251235321,30.06659275674582,8.0,242,249,312,253
38,748,263,260,328,262,29.427877939124325,8.246211251235321,30.01666203960727,9.0,242,250,313,253
38,748,264,260,329,263,30.26549190084311,9.055385138137417,30.01666203960727,9.0,242,250,314,254
38,748,259,258,329,262,29.27456233660889,8.06225774829855,30.01666203960727,9.055385138137417,243,249,314,253
38,748,263,258,329,261,29.27456233660889,9.219544457292889,30.06659275674582,9.0,243,249,314,252
38,748,259,258,329,262,29.27456233660889,8.06225774829855,30.01666203960727,9.0,243,250,313,253
38,748,258,258,329,261,30.26549190084311,9.055385138137417,30.01666203960727,9.055385138137417,242,249,313,252
38,748,263,259,328,262,29.27456233660889,9.219544457292889,30.01666203960727,9.0,242,249,313,253
38,748,263,258,328,261,30.413812651491096,8.06225774829855,30.01666203960727,8.0,242,249,313,253
38,748,257,258,328,261,29.27456233660889,8.06225774829855,30.01666203960727,8.0,242,249,313,252
38,748,257,258,328,261,29.427877939124325,8.06225774829855,30.01666203960727,9.0,241,249,313,252
38,748,262,259,327,262,30.26549190084311,9.055385138137417,30.01666203960727,9.0,241,249,312,253
38,748,263,258,327,261,29.27456233660889,8.06225774829855,30.01666203960727,9.055385138137417,242,249,312,252
31,656,257,257,327,261,29.27456233660889,8.246211251235321,30.01666203960727,9.0,241,248,312,252
30,612,257,258,327,261,28.284271247461902,8.06225774829855,29.017236257093817,8.0,242,249,312,252
29,602,262,258,327,261,30.26549190084311,9.055385138137417,31.016124838541643,9.0,241,248,312,252
32,571,257,257,327,261,28.160255680657446,8.06225774829855,30.0,8.0,243,248,311,252
37,526,257,257,327,261,29.27456233660889,9.055385138137417,30.01666203960727,10.04987562112089,241,248,311,251
48,449,257,258,327,261,30.26549190084311,8.246211251235321,31.016124838541643,9.055385138137417,241,249,311,252
52,378,257,257,327,261,29.27456233660889,9.219544457292889,30.01666203960727,8.0,241,248,311,252
44,332,256,257,327,260,29.27456233660889,8.06225774829855,30.01666203960727,9.0,240,249,311,251
36,292,256,256,326,260,31.256999216175565,9.055385138137417,31.064449134018133,10.04987562112089,239,247,311,250
29,256,256,257,326,261,30.26549190084311,9.219544457292889,30.06659275674582,10.04987562112089,239,248,310,251
30,203,255,256,326,260,30.26549190084311,9.055385138137417,30.06659275674582,11.045361017187261,239,247,310,250
30,156,255,256,324,260,30.26549190084311,10.04987562112089,32.01562118716424,10.04987562112089,238,247,308,250
25,90,254,256,324,260,30.26549190084311,9.055385138137417,31.064449134018133,10.04987562112089,237,247,308,250
23,50,253,255,323,260,29.427877939124325,10.04987562112089,30.01666203960727,11.0,237,247,307,250
21,20,253,255,323,259,30.59411708155671,10.19803902718557,31.064449134018133,10.0,237,246,307,249
20,7,253,255,322,260,31.256999216175565,10.04987562112089,31.144823004794876,10.04987562112089,235,247,307,250
20,7,252,255,322,260,30.413812651491096,10.04987562112089,31.064449134018133,10.0,236,247,306,251
20,7,252,255,322,260,30.413812651491096,9.055385138137417,31.064449134018133,10.0,235,247,306,251
20,7,251,255,321,260,30.413812651491096,9.219544457292889,30.06659275674582,9.0,234,247,306,251
20,7,251,254,320,260,30.413812651491096,10.19803902718557,31.064449134018133,11.0,234,246,305,250
20,7,251,255,320,260,30.413812651491096,10.04987562112089,31.016124838541643,10.0,235,247,305,251
20,7,261,260,325,263,28.0713376952364,6.0827625302982185,28.017851452243796,7.0710678118654755,238,252,307,255
20,7,252,255,321,260,30.26549190084311,9.219544457292889,31.016124838541643,10.0,236,247,306,251
20,7,253,254,322,260,30.413812651491096,9.055385138137417,31.064449134018133,10.0,236,246,306,250
20,7,253,255,322,261,29.427877939124325,9.055385138137417,31.016124838541643,10.0,237,246,307,252
20,7,253,255,322,260,30.413812651491096,10.04987562112089,30.01666203960727,10.04987562112089,236,247,307,251
20,7,252,255,322,261,30.413812651491096,9.055385138137417,30.01666203960727,10.0,236,247,307,252
20,7,252,254,322,260,30.413812651491096,10.19803902718557,30.01666203960727,11.045361017187261,235,247,307,251
20,7,252,254,322,260,30.413812651491096,10.04987562112089,31.064449134018133,10.0,236,246,307,251
20,7,267,260,323,261,29.27456233660889,7.0710678118654755,30.0,8.0,238,250,308,253
20,7,253,255,322,262,28.442925306655788,10.19803902718557,30.0,10.0,238,248,307,253
20,7,253,256,322,261,30.413812651491096,9.055385138137417,30.01666203960727,10.04987562112089,237,248,307,252
20,7,253,255,324,260,31.40063693621516,10.19803902718557,32.0624390837628,11.045361017187261,236,247,308,250
20,7,253,255,324,259,31.40063693621516,11.180339887498947,32.14031735997639,10.04987562112089,236,247,308,250
20,7,253,254,323,259,30.413812651491096,11.180339887498947,33.13608305156178,11.045361017187261,236,246,307,249
20,7,253,256,322,262,30.59411708155671,10.04987562112089,31.064449134018133,11.0,236,248,307,252
20,7,252,256,323,261,31.40063693621516,9.055385138137417,31.064449134018133,11.0,235,248,307,252
20,7,261,263,325,265,27.073972741361768,7.0,29.0,7.0,239,255,306,257
20,7,248,259,318,261,29.1547594742265,9.055385138137417,31.064449134018133,9.0,232,252,303,252
20,7,245,259,315,262,30.14962686336267,11.045361017187261,31.144823004794876,11.045361017187261,229,251,299,252
20,7,244,261,313,263,30.14962686336267,10.04987562112089,32.14031735997639,10.04987562112089,228,252,297,253
20,7,244,261,314,262,29.427877939124325,11.180339887498947,32.2490309931942,11.045361017187261,228,252,297,252
20,7,244,262,314,264,30.26549190084311,10.04987562112089,32.14031735997639,11.045361017187261,228,254,298,254
20,7,245,263,315,264,30.26549190084311,11.180339887498947,31.256999216175565,12.041594578792294,228,254,299,254
20,7,246,263,315,265,30.26549190084311,10.04987562112089,32.2490309931942,10.04987562112089,229,255,299,255
20,7,247,261,316,264,30.26549190084311,11.045361017187261,32.2490309931942,12.041594578792294,230,253,300,253
20,7,247,261,317,263,30.413812651491096,11.045361017187261,32.14031735997639,12.041594578792294,230,253,301,253
20,7,248,261,317,264,30.26549190084311,11.045361017187261,32.2490309931942,11.045361017187261,232,253,301,253
20,7,248,261,317,263,30.14962686336267,11.045361017187261,32.14031735997639,11.045361017187261,231,253,301,253
20,7,249,260,318,262,30.26549190084311,11.045361017187261,32.2490309931942,11.045361017187261,232,251,302,252
20,7,250,260,319,261,31.256999216175565,11.045361017187261,33.37663853655727,11.045361017187261,232,251,303,251
20,7,249,259,319,260,31.40063693621516,12.041594578792294,32.2490309931942,12.165525060596437,232,250,303,249
20,7,250,258,319,260,30.26549190084311,12.041594578792294,31.256999216175565,12.041594578792294,233,250,303,249
20,7,250,258,319,259,30.26549190084311,11.045361017187261,32.2490309931942,11.180339887498947,233,249,303,248
20,7,250,257,320,258,30.14962686336267,12.041594578792294,32.2490309931942,12.165525060596437,233,248,304,248
20,7,251,257,320,258,30.26549190084311,12.041594578792294,32.14031735997639,12.041594578792294,233,247,304,247
20,7,259,262,319,262,27.073972741361768,8.06225774829855,29.017236257093817,9.055385138137417,237,254,304,253
20,7,252,258,320,260,29.1547594742265,10.04987562112089,31.144823004794876,10.04987562112089,235,251,305,251
20,7,252,257,322,259,29.27456233660889,10.04987562112089,31.144823004794876,11.045361017187261,236,249,306,249
20,7,253,257,321,259,30.26549190084311,11.180339887498947,32.14031735997639,11.045361017187261,235,249,305,249
20,7,253,257,322,259,30.26549190084311,10.04987562112089,31.064449134018133,10.04987562112089,236,248,307,250
20,7,262,262,325,263,27.018512172212592,8.06225774829855,28.017851452243796,8.06225774829855,240,254,308,254
20,7,253,257,323,259,30.26549190084311,11.045361017187261,31.144823004794876,11.045361017187261,237,248,307,249
20,7,253,257,323,259,30.413812651491096,11.045361017187261,31.144823004794876,11.045361017187261,236,248,307,249
20,7,253,257,322,259,31.40063693621516,12.041594578792294,32.2490309931942,12.041594578792294,236,248,306,248
20,7,253,256,323,259,30.26549190084311,11.045361017187261,32.2490309931942,11.045361017187261,236,247,306,248
93,0,253,256,322,259,30.26549190084311,11.180339887498947,32.14031735997639,11.045361017187261,236,247,306,248
184,0,253,256,323,258,31.256999216175565,11.180339887498947,32.2490309931942,12.165525060596437,236,247,307,248
208,0,255,256,324,258,30.413812651491096,12.041594578792294,32.2490309931942,12.041594578792294,237,247,308,247
208,0,255,256,325,259,30.413812651491096,11.180339887498947,31.256999216175565,11.045361017187261,237,247,308,248
311,0,255,256,324,259,30.26549190084311,12.041594578792294,33.24154027718932,12.041594578792294,237,247,307,248
442,1,255,256,324,259,31.40063693621516,12.041594578792294,32.2490309931942,12.041594578792294,237,247,308,248
569,0,255,256,325,260,30.413812651491096,11.045361017187261,31.256999216175565,12.041594578792294,238,248,308,249
569,0,257,255,328,257,30.26549190084311,12.165525060596437,31.256999216175565,12.041594578792294,238,247,310,247
569,0,256,257,329,259,30.26549190084311,10.04987562112089,31.144823004794876,10.04987562112089,239,249,310,250
794,0,257,256,330,257,30.413812651491096,11.045361017187261,32.14031735997639,12.041594578792294,239,246,310,248
917,0,262,258,332,257,31.40063693621516,12.165525060596437,33.24154027718932,11.045361017187261,239,247,311,248
925,0,259,257,332,258,30.413812651491096,11.045361017187261,31.064449134018133,11.0,240,248,311,250
925,0,264,257,335,258,30.26549190084311,11.180339887498947,32.14031735997639,11.045361017187261,241,247,312,249
1054,0,264,257,335,257,31.40063693621516,12.165525060596437,33.24154027718932,12.0,241,247,313,248
1153,2,263,257,336,257,30.413812651491096,11.180339887498947,31.144823004794876,12.0,242,248,314,249
1273,5,266,257,337,257,30.413812651491096,11.180339887498947,31.144823004794876,11.045361017187261,243,247,315,249
1365,0,267,257,338,258,30.413812651491096,11.180339887498947,31.064449134018133,10.0,244,247,316,250
1365,3,270,257,340,257,31.40063693621516,11.180339887498947,31.144823004794876,11.045361017187261,245,247,317,249
1365,3,272,258,343,258,31.57530680769389,10.19803902718557,31.144823004794876,11.045361017187261,246,247,319,250
1365,3,273,259,343,258,31.40063693621516,11.180339887498947,31.144823004794876,11.045361017187261,247,248,319,251
1365,3,273,258,344,258,32.38826948140329,11.180339887498947,31.256999216175565,11.045361017187261,247,247,320,250
1357,6,274,258,344,258,31.57530680769389,10.04987562112089,31.064449134018133,11.045361017187261,249,247,321,251
1352,8,275,258,345,257,32.38826948140329,11.180339887498947,31.144823004794876,11.045361017187261,248,247,321,249
1349,9,275,259,345,258,32.38826948140329,11.180339887498947,31.144823004794876,12.0,248,248,321,250
1349,9,275,259,345,257,32.38826948140329,11.180339887498947,32.14031735997639,11.0,248,247,321,250
1349,9,274,259,345,258,32.38826948140329,11.180339887498947,32.14031735997639,11.045361017187261,248,248,320,250
1349,9,274,259,345,257,32.38826948140329,11.180339887498947,32.14031735997639,12.0,248,247,321,249
1349,9,274,258,345,257,31.40063693621516,11.180339887498947,31.144823004794876,11.0,249,247,321,249
1349,9,275,263,336,265,28.0713376952364,6.0827625302982185,29.0,7.0,252,255,321,257
1349,9,275,259,346,258,30.26549190084311,9.055385138137417,30.06659275674582,9.0,250,250,322,251
1349,9,275,259,346,258,31.40063693621516,10.04987562112089,30.14962686336267,10.0,250,248,322,251
1349,9,275,259,345,258,30.413812651491096,9.055385138137417,30.14962686336267,10.0,250,248,321,251
1349,9,276,263,338,265,29.068883707497264,6.0,29.0,6.0,252,255,322,257
1349,9,276,260,345,259,30.26549190084311,10.04987562112089,30.14962686336267,10.0,251,250,322,252
1349,9,276,259,346,258,31.40063693621516,10.04987562112089,30.14962686336267,11.045361017187261,250,249,323,251
1349,9,276,259,346,258,31.40063693621516,10.19803902718557,31.144823004794876,11.045361017187261,250,249,323,250
1349,9,275,259,346,258,31.40063693621516,10.19803902718557,31.144823004794876,11.045361017187261,250,249,322,251
1349,9,276,258,347,258,31.40063693621516,10.19803902718557,30.26549190084311,10.0,250,248,323,250
1349,9,276,261,329,266,30.413812651491096,9.055385138137417,30.01666203960727,9.0,251,251,321,255
1349,9,276,259,347,259,32.38826948140329,10.19803902718557,31.144823004794876,11.045361017187261,250,248,323,250
1349,9,279,263,340,265,28.0713376952364,7.0710678118654755,28.017851452243796,7.0,255,255,324,257
1349,9,278,261,348,261,29.27456233660889,10.19803902718557,30.06659275674582,10.04987562112089,254,251,324,254
1349,9,278,260,348,259,31.256999216175565,10.04987562112089,31.064449134018133,10.0,253,250,325,252
1349,9,278,261,349,260,32.2490309931942,10.19803902718557,31.064449134018133,10.04987562112089,252,251,324,254
1349,9,277,260,348,259,32.38826948140329,10.19803902718557,31.064449134018133,10.04987562112089,251,249,325,251
1349,9,278,260,348,259,31.40063693621516,11.180339887498947,30.14962686336267,11.045361017187261,252,249,325,252
1349,9,278,260,348,259,31.57530680769389,10.04987562112089,31.144823004794876,10.0,252,249,325,252
1349,9,277,260,348,259,32.38826948140329,11.180339887498947,30.14962686336267,11.045361017187261,251,249,325,251
1349,9,278,260,349,260,31.40063693621516,10.19803902718557,31.144823004794876,10.04987562112089,252,249,324,252
1349,9,277,260,348,259,31.40063693621516,11.045361017187261,31.064449134018133,12.041594578792294,252,249,324,251
1349,9,277,260,348,259,31.40063693621516,10.19803902718557,31.144823004794876,11.045361017187261,252,249,324,251
1349,9,277,259,348,259,32.38826948140329,11.180339887498947,31.144823004794876,11.0,251,249,324,251
1349,9,277,260,348,259,31.40063693621516,11.180339887498947,31.144823004794876,11.045361017187261,251,249,324,251
1349,9,277,259,348,259,33.37663853655727,11.180339887498947,32.2490309931942,12.0,250,248,324,250
1349,9,279,263,333,266,30.14962686336267,7.0710678118654755,28.017851452243796,8.0,254,254,324,256
1349,9,278,262,348,261,30.26549190084311,9.055385138137417,30.01666203960727,9.0,253,252,325,255
1349,9,278,260,349,260,32.38826948140329,11.180339887498947,30.06659275674582,10.04987562112089,252,250,325,253
1349,9,278,260,349,259,32.38826948140329,11.180339887498947,32.14031735997639,11.0,252,249,325,252
1349,9,278,260,349,260,32.38826948140329,10.19803902718557,31.144823004794876,11.045361017187261,252,249,325,252
1349,9,278,260,349,260,31.40063693621516,10.19803902718557,31.256999216175565,10.0,252,250,325,252
1349,9,279,263,340,265,28.284271247461902,8.06225774829855,29.017236257093817,8.06225774829855,256,254,324,257
1349,9,279,262,349,261,31.40063693621516,9.055385138137417,31.064449134018133,10.0,253,252,325,255
1349,9,278,261,349,260,31.256999216175565,10.04987562112089,31.144823004794876,11.0,252,251,324,253
1349,9,278,261,348,260,31.40063693621516,11.180339887498947,30.14962686336267,10.04987562112089,253,250,325,253
1349,9,278,260,349,259,31.40063693621516,10.04987562112089,31.144823004794876,12.041594578792294,252,249,325,251
1349,9,278,260,349,259,32.55764119219941,11.180339887498947,31.144823004794876,11.045361017187261,252,249,325,252
1349,9,278,260,349,260,32.38826948140329,10.19803902718557,31.144823004794876,11.045361017187261,252,250,325,252
1349,9,278,260,349,260,31.57530680769389,11.045361017187261,31.144823004794876,11.045361017187261,253,249,326,251
1349,9,279,261,349,260,32.38826948140329,11.045361017187261,31.144823004794876,11.0,253,250,325,252
1349,9,280,263,349,261,30.26549190084311,8.06225774829855,29.068883707497264,9.0,255,254,326,255
1349,9,279,260,349,259,32.38826948140329,11.180339887498947,31.144823004794876,10.04987562112089,253,250,326,252
1349,9,279,261,350,260,31.40063693621516,11.180339887498947,31.144823004794876,11.045361017187261,254,250,326,253
1349,9,280,260,350,260,31.40063693621516,10.19803902718557,31.144823004794876,11.045361017187261,255,250,327,252
1349,9,280,261,351,260,32.38826948140329,11.045361017187261,31.144823004794876,11.0,254,250,326,252
1349,9,279,261,350,261,32.55764119219941,11.180339887498947,31.144823004794876,11.045361017187261,253,250,326,252
1349,9,279,261,350,261,32.38826948140329,11.180339887498947,31.144823004794876,11.045361017187261,253,250,325,252
1349,19,280,265,335,268,29.1547594742265,8.06225774829855,29.017236257093817,9.055385138137417,257,256,326,258
1349,42,280,262,350,262,31.57530680769389,10.04987562112089,29.1547594742265,10.04987562112089,255,252,328,255
1349,50,280,262,351,262,32.38826948140329,10.04987562112089,31.144823004794876,11.045361017187261,255,252,327,254
1349,58,280,262,351,262,31.57530680769389,11.180339887498947,30.14962686336267,11.045361017187261,255,251,328,254
1351,73,281,263,351,262,32.55764119219941,11.180339887498947,31.144823004794876,10.0,255,252,327,255
1354,95,281,263,352,262,32.55764119219941,11.045361017187261,32.2490309931942,11.045361017187261,255,252,327,254
1355,115,280,263,351,263,32.55764119219941,10.19803902718557,31.144823004794876,11.045361017187261,255,252,327,255
1357,137,280,263,351,263,32.38826948140329,10.19803902718557,30.06659275674582,11.045361017187261,255,252,327,255
1359,154,280,263,351,264,31.57530680769389,10.19803902718557,31.144823004794876,11.045361017187261,255,252,327,255
1360,169,281,264,351,264,33.54101966249684,11.180339887498947,31.144823004794876,11.045361017187261,254,253,327,255
1361,190,281,264,351,264,32.55764119219941,11.180339887498947,31.144823004794876,11.045361017187261,255,253,328,256
1362,219,281,264,352,264,32.55764119219941,10.19803902718557,30.06659275674582,12.041594578792294,256,253,328,256
1365,274,281,264,351,263,32.55764119219941,11.045361017187261,31.144823004794876,12.041594578792294,256,252,328,255
1365,325,281,263,352,264,32.55764119219941,10.04987562112089,31.144823004794876,11.045361017187261,256,252,327,255
1365,357,282,262,353,264,33.54101966249684,10.19803902718557,31.144823004794876,11.0,256,251,329,255
1364,416,282,263,353,265,33.734255586866006,11.180339887498947,32.14031735997639,10.04987562112089,256,252,329,256
1362,463,283,263,354,265,32.55764119219941,10.19803902718557,30.14962686336267,10.04987562112089,258,251,330,256
1362,463,283,264,354,265,32.38826948140329,10.19803902718557,31.144823004794876,11.045361017187261,258,253,330,256
1362,463,283,264,354,266,32.7566787083184,11.180339887498947,31.064449134018133,10.04987562112089,258,253,330,257
1338,553,283,264,354,266,32.7566787083184,9.055385138137417,31.144823004794876,11.045361017187261,258,253,331,257
1337,617,284,266,354,268,31.40063693621516,9.055385138137417,30.01666203960727,10.0,260,255,331,260
1337,650,284,265,354,268,33.54101966249684,9.055385138137417,30.01666203960727,10.04987562112089,258,254,331,259
1348,691,283,266,354,268,30.59411708155671,9.219544457292889,29.068883707497264,10.0,260,255,331,260
1350,725,283,266,354,268,32.7566787083184,10.19803902718557,30.06659275674582,10.0,258,255,331,260
1350,759,284,267,354,268,30.413812651491096,10.19803902718557,29.068883707497264,10.0,261,256,331,260
1350,767,285,267,354,270,31.40063693621516,9.055385138137417,30.06659275674582,9.055385138137417,261,257,331,261
1350,767,284,267,355,270,30.26549190084311,10.04987562112089,29.017236257093817,10.0,261,257,332,261
1350,767,285,267,355,270,31.40063693621516,10.19803902718557,30.06659275674582,10.0,260,257,331,261
1350,767,284,267,354,270,30.26549190084311,10.19803902718557,30.01666203960727,10.0,261,257,331,261
1350,767,285,269,348,273,30.26549190084311,7.0710678118654755,28.0,7.0,262,260,331,264
1350,767,284,268,354,271,30.26549190084311,8.06225774829855,29.017236257093817,8.0,261,259,333,263
1350,767,285,271,349,274,29.1547594742265,7.0710678118654755,28.017851452243796,7.0710678118654755,263,262,331,266
1350,767,285,270,349,273,29.1547594742265,6.0827625302982185,29.0,6.0,263,262,332,265
1350,767,285,267,355,270,30.26549190084311,9.055385138137417,29.017236257093817,8.0,262,258,332,262
1350,767,286,268,356,270,31.256999216175565,9.219544457292889,30.01666203960727,9.0,262,258,333,262
1350,767,286,267,356,270,30.413812651491096,9.055385138137417,30.06659275674582,9.0,263,258,333,261
1350,767,287,268,356,271,31.40063693621516,9.055385138137417,29.017236257093817,9.0,263,258,334,262
1350,767,286,268,356,271,29.427877939124325,9.055385138137417,29.017236257093817,9.0,264,258,334,263
1350,767,286,268,356,271,31.256999216175565,9.219544457292889,30.01666203960727,9.0,262,258,333,262
1350,767,286,268,356,271,30.413812651491096,9.055385138137417,29.017236257093817,8.0,263,258,334,263
1350,767,287,267,357,270,30.413812651491096,9.219544457292889,29.0,9.0,264,257,334,262
1350,767,287,267,357,271,31.57530680769389,8.246211251235321,29.068883707497264,9.0,263,257,334,262
1350,767,286,268,356,270,30.26549190084311,9.219544457292889,29.017236257093817,9.0,263,258,334,262
1350,767,286,267,356,270,30.26549190084311,8.06225774829855,29.017236257093817,8.0,263,258,334,262
1350,767,286,267,356,270,31.40063693621516,8.06225774829855,29.017236257093817,9.0,262,258,334,262
1350,767,286,267,356,269,30.413812651491096,9.219544457292889,29.017236257093817,10.0,263,257,334,261
1350,767,286,267,356,270,30.413812651491096,9.219544457292889,30.01666203960727,9.055385138137417,263,257,334,262
1350,767,286,267,356,270,29.27456233660889,9.219544457292889,29.017236257093817,10.0,264,257,334,261
1350,767,285,267,355,270,30.413812651491096,8.06225774829855,29.017236257093817,9.0,263,257,333,261
1276,757,285,268,355,270,31.40063693621516,9.055385138137417,30.01666203960727,10.0,262,258,333,261
1184,743,285,267,355,270,30.413812651491096,8.06225774829855,28.017851452243796,8.06225774829855,261,258,333,262
1159,742,284,267,354,270,31.40063693621516,8.06225774829855,29.017236257093817,9.0,261,257,332,261
